<metadata xml:lang="en"><Esri><CreaDate>20131205</CreaDate><CreaTime>11093300</CreaTime><ArcGISFormat>1.0</ArcGISFormat><SyncOnce>FALSE</SyncOnce><DataProperties><itemProps><itemName Sync="TRUE">precincts_2012</itemName><imsContentType Sync="TRUE">002</imsContentType><itemLocation><linkage Sync="TRUE">file://\\CAG-TT\C$\cagis\gis\boundary\cntywide\voterbnd\precincts_2012.shp</linkage><protocol Sync="TRUE">Local Area Network</protocol></itemLocation><itemSize Sync="TRUE">0.000</itemSize></itemProps><coordRef><type Sync="TRUE">Projected</type><geogcsn Sync="TRUE">GCS_North_American_1983</geogcsn><csUnits Sync="TRUE">Linear Unit: Foot_US (0.304801)</csUnits><projcsn Sync="TRUE">NAD_1983_StatePlane_Ohio_South_FIPS_3402_Feet</projcsn><peXml Sync="TRUE">&lt;ProjectedCoordinateSystem xsi:type='typens:ProjectedCoordinateSystem' xmlns:xsi='http://www.w3.org/2001/XMLSchema-instance' xmlns:xs='http://www.w3.org/2001/XMLSchema' xmlns:typens='http://www.esri.com/schemas/ArcGIS/10.1'&gt;&lt;WKT&gt;PROJCS[&amp;quot;NAD_1983_StatePlane_Ohio_South_FIPS_3402_Feet&amp;quot;,GEOGCS[&amp;quot;GCS_North_American_1983&amp;quot;,DATUM[&amp;quot;D_North_American_1983&amp;quot;,SPHEROID[&amp;quot;GRS_1980&amp;quot;,6378137.0,298.257222101]],PRIMEM[&amp;quot;Greenwich&amp;quot;,0.0],UNIT[&amp;quot;Degree&amp;quot;,0.0174532925199433]],PROJECTION[&amp;quot;Lambert_Conformal_Conic&amp;quot;],PARAMETER[&amp;quot;False_Easting&amp;quot;,1968500.0],PARAMETER[&amp;quot;False_Northing&amp;quot;,0.0],PARAMETER[&amp;quot;Central_Meridian&amp;quot;,-82.5],PARAMETER[&amp;quot;Standard_Parallel_1&amp;quot;,38.73333333333333],PARAMETER[&amp;quot;Standard_Parallel_2&amp;quot;,40.03333333333333],PARAMETER[&amp;quot;Latitude_Of_Origin&amp;quot;,38.0],UNIT[&amp;quot;Foot_US&amp;quot;,0.3048006096012192],AUTHORITY[&amp;quot;EPSG&amp;quot;,3735]]&lt;/WKT&gt;&lt;XOrigin&gt;-119670700&lt;/XOrigin&gt;&lt;YOrigin&gt;-95612900&lt;/YOrigin&gt;&lt;XYScale&gt;37024245.698512442&lt;/XYScale&gt;&lt;ZOrigin&gt;-100000&lt;/ZOrigin&gt;&lt;ZScale&gt;10000&lt;/ZScale&gt;&lt;MOrigin&gt;-100000&lt;/MOrigin&gt;&lt;MScale&gt;10000&lt;/MScale&gt;&lt;XYTolerance&gt;0.0032808333333333331&lt;/XYTolerance&gt;&lt;ZTolerance&gt;0.001&lt;/ZTolerance&gt;&lt;MTolerance&gt;0.001&lt;/MTolerance&gt;&lt;HighPrecision&gt;true&lt;/HighPrecision&gt;&lt;WKID&gt;102723&lt;/WKID&gt;&lt;LatestWKID&gt;3735&lt;/LatestWKID&gt;&lt;/ProjectedCoordinateSystem&gt;</peXml></coordRef><lineage><Process ToolSource="c:\program files\arcgis\desktop10.0\ArcToolbox\Toolboxes\Conversion Tools.tbx\FeatureClassToFeatureClass" Date="20120208" Time="144536">FeatureClassToFeatureClass CAGIS.HAM_VOTE_PRECINCT_2012 "Database Connections\cagis@2opub132.sde\CAGIS.VOTING" Ham_Voter_Precincts_2012 # "PRECINCT "PRECINCT" true true false 6 Text 0 0 ,First,#,Database Connections\cagis@2ocgd132.sde\CAGIS.HAM_VOTE_PRECINCT_2012,PRECINCT,-1,-1;NEWADDR "NEWADDR" true true false 80 Text 0 0 ,First,#,Database Connections\cagis@2ocgd132.sde\CAGIS.HAM_VOTE_PRECINCT_2012,NEWADDR,-1,-1;PCT "PCT" true true false 4 Long 0 6 ,First,#,Database Connections\cagis@2ocgd132.sde\CAGIS.HAM_VOTE_PRECINCT_2012,PCT,-1,-1;PRC_NAME "PRC_NAME" true true false 20 Text 0 0 ,First,#,Database Connections\cagis@2ocgd132.sde\CAGIS.HAM_VOTE_PRECINCT_2012,NAME,-1,-1;LOCATION "LOCATION" true true false 42 Text 0 0 ,First,#,Database Connections\cagis@2ocgd132.sde\CAGIS.HAM_VOTE_PRECINCT_2012,LOCATION,-1,-1;ADDRESS "ADDRESS" true true false 35 Text 0 0 ,First,#,Database Connections\cagis@2ocgd132.sde\CAGIS.HAM_VOTE_PRECINCT_2012,ADDRESS,-1,-1;CITY "CITY" true true false 20 Text 0 0 ,First,#,Database Connections\cagis@2ocgd132.sde\CAGIS.HAM_VOTE_PRECINCT_2012,CITY,-1,-1;ZIP "ZIP" true true false 9 Text 0 0 ,First,#,Database Connections\cagis@2ocgd132.sde\CAGIS.HAM_VOTE_PRECINCT_2012,ZIP,-1,-1;GLOBALID "GLOBALID" true true true 38 Guid 0 0 ,First,#,Database Connections\cagis@2ocgd132.sde\CAGIS.HAM_VOTE_PRECINCT_2012,GLOBALID,-1,-1;SE_ANNO_CAD_DATA "SE_ANNO_CAD_DATA" true true false 0 Blob 0 0 ,First,#,Database Connections\cagis@2ocgd132.sde\CAGIS.HAM_VOTE_PRECINCT_2012,SE_ANNO_CAD_DATA,-1,-1;SHAPE_AREA "SHAPE_AREA" false false true 0 Double 0 0 ,First,#,Database Connections\cagis@2ocgd132.sde\CAGIS.HAM_VOTE_PRECINCT_2012,SHAPE.AREA,-1,-1;SHAPE_LEN "SHAPE_LEN" false false true 0 Double 0 0 ,First,#,Database Connections\cagis@2ocgd132.sde\CAGIS.HAM_VOTE_PRECINCT_2012,SHAPE.LEN,-1,-1" CAGDATA</Process><Process ToolSource="c:\program files\arcgis\desktop10.0\ArcToolbox\Toolboxes\Conversion Tools.tbx\FeatureClassToFeatureClass" Date="20120208" Time="144632">FeatureClassToFeatureClass CAGIS.Ham_Voter_Precincts_2012 "Database Connections\cagis@2ocgd132.sde\CAGIS.VOTING" Ham_Voter_Precincts_2012 # "PRECINCT "PRECINCT" true true false 6 Text 0 0 ,First,#,Database Connections\cagis@2opub132.sde\CAGIS.VOTING\CAGIS.Ham_Voter_Precincts_2012,PRECINCT,-1,-1;NEWADDR "NEWADDR" true true false 80 Text 0 0 ,First,#,Database Connections\cagis@2opub132.sde\CAGIS.VOTING\CAGIS.Ham_Voter_Precincts_2012,NEWADDR,-1,-1;PCT "PCT" true true false 4 Long 0 6 ,First,#,Database Connections\cagis@2opub132.sde\CAGIS.VOTING\CAGIS.Ham_Voter_Precincts_2012,PCT,-1,-1;PRC_NAME "PRC_NAME" true true false 20 Text 0 0 ,First,#,Database Connections\cagis@2opub132.sde\CAGIS.VOTING\CAGIS.Ham_Voter_Precincts_2012,PRC_NAME,-1,-1;LOCATION "LOCATION" true true false 42 Text 0 0 ,First,#,Database Connections\cagis@2opub132.sde\CAGIS.VOTING\CAGIS.Ham_Voter_Precincts_2012,LOCATION,-1,-1;ADDRESS "ADDRESS" true true false 35 Text 0 0 ,First,#,Database Connections\cagis@2opub132.sde\CAGIS.VOTING\CAGIS.Ham_Voter_Precincts_2012,ADDRESS,-1,-1;CITY "CITY" true true false 20 Text 0 0 ,First,#,Database Connections\cagis@2opub132.sde\CAGIS.VOTING\CAGIS.Ham_Voter_Precincts_2012,CITY,-1,-1;ZIP "ZIP" true true false 9 Text 0 0 ,First,#,Database Connections\cagis@2opub132.sde\CAGIS.VOTING\CAGIS.Ham_Voter_Precincts_2012,ZIP,-1,-1;GLOBALID "GLOBALID" true true false 38 Guid 0 0 ,First,#,Database Connections\cagis@2opub132.sde\CAGIS.VOTING\CAGIS.Ham_Voter_Precincts_2012,GLOBALID,-1,-1;SHAPE_AREA "SHAPE_AREA" false false true 0 Double 0 0 ,First,#,Database Connections\cagis@2opub132.sde\CAGIS.VOTING\CAGIS.Ham_Voter_Precincts_2012,SHAPE.AREA,-1,-1;SHAPE_LEN "SHAPE_LEN" false false true 0 Double 0 0 ,First,#,Database Connections\cagis@2opub132.sde\CAGIS.VOTING\CAGIS.Ham_Voter_Precincts_2012,SHAPE.LEN,-1,-1" CAGEDIT</Process><Process ToolSource="c:\program files\arcgis\desktop10.1\ArcToolbox\Toolboxes\Conversion Tools.tbx\FeatureClassToFeatureClass" Date="20140515" Time="153801">FeatureClassToFeatureClass "Database Connections\tturinsky@2ocgd132.sde\CAGIS.VOTING\CAGIS.Ham_Voter_Precincts_2012" C:\cagis\gis\boundary\cntywide\voterbnd precincts_2012.shp # "PRECINCT "PRECINCT" true true false 6 Text 0 0 ,First,#,Database Connections\tturinsky@2ocgd132.sde\CAGIS.VOTING\CAGIS.Ham_Voter_Precincts_2012,PRECINCT,-1,-1;NEWADDR "NEWADDR" true true false 80 Text 0 0 ,First,#,Database Connections\tturinsky@2ocgd132.sde\CAGIS.VOTING\CAGIS.Ham_Voter_Precincts_2012,NEWADDR,-1,-1;PCT "PCT" true true false 4 Long 0 6 ,First,#,Database Connections\tturinsky@2ocgd132.sde\CAGIS.VOTING\CAGIS.Ham_Voter_Precincts_2012,PCT,-1,-1;PRC_NAME "PRC_NAME" true true false 20 Text 0 0 ,First,#,Database Connections\tturinsky@2ocgd132.sde\CAGIS.VOTING\CAGIS.Ham_Voter_Precincts_2012,PRC_NAME,-1,-1;LOCATION "LOCATION" true true false 42 Text 0 0 ,First,#,Database Connections\tturinsky@2ocgd132.sde\CAGIS.VOTING\CAGIS.Ham_Voter_Precincts_2012,LOCATION,-1,-1;ADDRESS "ADDRESS" true true false 35 Text 0 0 ,First,#,Database Connections\tturinsky@2ocgd132.sde\CAGIS.VOTING\CAGIS.Ham_Voter_Precincts_2012,ADDRESS,-1,-1;CITY "CITY" true true false 20 Text 0 0 ,First,#,Database Connections\tturinsky@2ocgd132.sde\CAGIS.VOTING\CAGIS.Ham_Voter_Precincts_2012,CITY,-1,-1;ZIP "ZIP" true true false 9 Text 0 0 ,First,#,Database Connections\tturinsky@2ocgd132.sde\CAGIS.VOTING\CAGIS.Ham_Voter_Precincts_2012,ZIP,-1,-1;SHAPE_AREA "SHAPE.AREA" false false true 0 Double 0 0 ,First,#,Database Connections\tturinsky@2ocgd132.sde\CAGIS.VOTING\CAGIS.Ham_Voter_Precincts_2012,SHAPE.AREA,-1,-1;SHAPE_LEN "SHAPE.LEN" false false true 0 Double 0 0 ,First,#,Database Connections\tturinsky@2ocgd132.sde\CAGIS.VOTING\CAGIS.Ham_Voter_Precincts_2012,SHAPE.LEN,-1,-1" #</Process></lineage></DataProperties><SyncDate>20140515</SyncDate><SyncTime>15380000</SyncTime><ModDate>20140515</ModDate><ModTime>15380000</ModTime></Esri><dataIdInfo><envirDesc Sync="TRUE">Microsoft Windows 7 Version 6.1 (Build 7601) Service Pack 1; Esri ArcGIS 10.1.1.3143</envirDesc><dataLang><languageCode value="eng" Sync="TRUE"></languageCode><countryCode value="USA" Sync="TRUE"></countryCode></dataLang><idCitation><resTitle Sync="TRUE">precincts_2012</resTitle><presForm><PresFormCd value="005" Sync="TRUE"></PresFormCd></presForm></idCitation><spatRpType><SpatRepTypCd value="001" Sync="TRUE"></SpatRepTypCd></spatRpType></dataIdInfo><mdLang><languageCode value="eng" Sync="TRUE"></languageCode><countryCode value="USA" Sync="TRUE"></countryCode></mdLang><mdChar><CharSetCd value="004" Sync="TRUE"></CharSetCd></mdChar><distInfo><distFormat><formatName Sync="TRUE">Shapefile</formatName></distFormat><distTranOps><transSize Sync="TRUE">0.000</transSize></distTranOps></distInfo><mdHrLv><ScopeCd value="005" Sync="TRUE"></ScopeCd></mdHrLv><mdHrLvName Sync="TRUE">dataset</mdHrLvName><refSysInfo><RefSystem><refSysID><identCode code="3735" Sync="TRUE" value="3735"></identCode><idCodeSpace Sync="TRUE">EPSG</idCodeSpace><idVersion Sync="TRUE">7.11.2</idVersion></refSysID></RefSystem></refSysInfo><spatRepInfo><VectSpatRep><geometObjs Name="precincts_2012"><geoObjTyp><GeoObjTypCd value="002" Sync="TRUE"></GeoObjTypCd></geoObjTyp><geoObjCnt Sync="TRUE">0</geoObjCnt></geometObjs><topLvl><TopoLevCd value="001" Sync="TRUE"></TopoLevCd></topLvl></VectSpatRep></spatRepInfo><spdoinfo><ptvctinf><esriterm Name="precincts_2012"><efeatyp Sync="TRUE">Simple</efeatyp><efeageom code="4" Sync="TRUE"></efeageom><esritopo Sync="TRUE">FALSE</esritopo><efeacnt Sync="TRUE">0</efeacnt><spindex Sync="TRUE">FALSE</spindex><linrefer Sync="TRUE">FALSE</linrefer></esriterm></ptvctinf></spdoinfo><eainfo><detailed Name="precincts_2012"><enttyp><enttypl Sync="TRUE">precincts_2012</enttypl><enttypt Sync="TRUE">Feature Class</enttypt><enttypc Sync="TRUE">0</enttypc></enttyp><attr><attrlabl Sync="TRUE">FID</attrlabl><attalias Sync="TRUE">FID</attalias><attrtype Sync="TRUE">OID</attrtype><attwidth Sync="TRUE">4</attwidth><atprecis Sync="TRUE">0</atprecis><attscale Sync="TRUE">0</attscale><attrdef Sync="TRUE">Internal feature number.</attrdef><attrdefs Sync="TRUE">Esri</attrdefs><attrdomv><udom Sync="TRUE">Sequential unique whole numbers that are automatically generated.</udom></attrdomv></attr><attr><attrlabl Sync="TRUE">PRECINCT</attrlabl><attalias Sync="TRUE">PRECINCT</attalias><attrtype Sync="TRUE">String</attrtype><attwidth Sync="TRUE">6</attwidth><atprecis Sync="TRUE">0</atprecis><attscale Sync="TRUE">0</attscale></attr><attr><attrlabl Sync="TRUE">NEWADDR</attrlabl><attalias Sync="TRUE">NEWADDR</attalias><attrtype Sync="TRUE">String</attrtype><attwidth Sync="TRUE">80</attwidth><atprecis Sync="TRUE">0</atprecis><attscale Sync="TRUE">0</attscale></attr><attr><attrlabl Sync="TRUE">PCT</attrlabl><attalias Sync="TRUE">PCT</attalias><attrtype Sync="TRUE">Integer</attrtype><attwidth Sync="TRUE">6</attwidth><atprecis Sync="TRUE">6</atprecis><attscale Sync="TRUE">0</attscale></attr><attr><attrlabl Sync="TRUE">PRC_NAME</attrlabl><attalias Sync="TRUE">PRC_NAME</attalias><attrtype Sync="TRUE">String</attrtype><attwidth Sync="TRUE">20</attwidth><atprecis Sync="TRUE">0</atprecis><attscale Sync="TRUE">0</attscale></attr><attr><attrlabl Sync="TRUE">LOCATION</attrlabl><attalias Sync="TRUE">LOCATION</attalias><attrtype Sync="TRUE">String</attrtype><attwidth Sync="TRUE">42</attwidth><atprecis Sync="TRUE">0</atprecis><attscale Sync="TRUE">0</attscale></attr><attr><attrlabl Sync="TRUE">ADDRESS</attrlabl><attalias Sync="TRUE">ADDRESS</attalias><attrtype Sync="TRUE">String</attrtype><attwidth Sync="TRUE">35</attwidth><atprecis Sync="TRUE">0</atprecis><attscale Sync="TRUE">0</attscale></attr><attr><attrlabl Sync="TRUE">CITY</attrlabl><attalias Sync="TRUE">CITY</attalias><attrtype Sync="TRUE">String</attrtype><attwidth Sync="TRUE">20</attwidth><atprecis Sync="TRUE">0</atprecis><attscale Sync="TRUE">0</attscale></attr><attr><attrlabl Sync="TRUE">ZIP</attrlabl><attalias Sync="TRUE">ZIP</attalias><attrtype Sync="TRUE">String</attrtype><attwidth Sync="TRUE">9</attwidth><atprecis Sync="TRUE">0</atprecis><attscale Sync="TRUE">0</attscale></attr><attr><attrlabl Sync="TRUE">SHAPE</attrlabl><attalias Sync="TRUE">Shape</attalias><attrtype Sync="TRUE">Geometry</attrtype><attwidth Sync="TRUE">0</attwidth><atprecis Sync="TRUE">0</atprecis><attscale Sync="TRUE">0</attscale><attrdef Sync="TRUE">Feature geometry.</attrdef><attrdefs Sync="TRUE">ESRI</attrdefs><attrdomv><udom Sync="TRUE">Coordinates defining the features.</udom></attrdomv></attr><attr><attrlabl Sync="TRUE">SHAPE_AREA</attrlabl><attalias Sync="TRUE">SHAPE_AREA</attalias><attrtype Sync="TRUE">Double</attrtype><attwidth Sync="TRUE">19</attwidth><atprecis Sync="TRUE">0</atprecis><attscale Sync="TRUE">0</attscale><attrdef Sync="TRUE">Area of feature in internal units squared.</attrdef><attrdefs Sync="TRUE">Esri</attrdefs><attrdomv><udom Sync="TRUE">Positive real numbers that are automatically generated.</udom></attrdomv></attr><attr><attrlabl Sync="TRUE">SHAPE_LEN</attrlabl><attalias Sync="TRUE">SHAPE_LEN</attalias><attrtype Sync="TRUE">Double</attrtype><attwidth Sync="TRUE">19</attwidth><atprecis Sync="TRUE">0</atprecis><attscale Sync="TRUE">0</attscale></attr></detailed></eainfo><mdDateSt Sync="TRUE">20140515</mdDateSt></metadata>
