PRC #,PRECINCT,REGISTERED VOTERS TOTAL,BALLOTS CAST TOTAL,PERCENT,David              Mann,Aftab        Pureval,Jalen                   Alford ,"Thomas Brinkman, Jr.",Jaime M.    Castle,LaKeisha N.   Cook,Jeff M. Cramerding,Michelle Dillingham,Kevin                Flynn,Jackie    Frondorf,Bill                     Frost,Brian                  Garry,Steven P. Goodin,Galen G. Gordon,Kurt L. Grossman,Reggie         Harris,Rob                  Harris II,"K.A.               Heard, Jr.",Evan                 Holt,Nick                  Jabin,Mark       Jeffreys,Scotty Johnson,Jan-Michele Lemon Kearney,Liz           Keating,Andrew E. Kennedy,Greg Landsman,John           Maher,Peterson W. Mingo,Phillip       O'Neal,Meeka D. Owens,Victoria      Parks,Te'Airea      Powell,Logan Simmering,Stacey            Smith,Betsy Sundermann,Jim              Tarbell,John J. Williams
101,0101 CIN 1-A,312,84,26.92%,57,25,1,47,7,4,19,15,24,14,7,8,45,4,11,12,1,1,1,2,13,17,24,58,6,19,4,0,11,14,14,1,1,8,52,21,12
102,0102 CIN 1-B,"1,287",507,39.39%,211,274,18,181,119,43,201,135,169,65,45,78,162,57,57,188,14,11,48,33,175,160,230,224,39,254,31,20,109,172,167,12,17,48,176,116,60
103,0103 CIN 1-C,"1,211",309,25.52%,99,200,22,76,103,39,134,126,78,57,24,78,75,28,22,136,9,10,41,24,108,90,135,123,16,173,10,11,73,121,110,10,15,22,97,75,30
104,0104 CIN 1-D,784,219,27.93%,90,120,12,54,24,24,76,53,68,31,28,25,62,22,25,91,3,7,19,15,78,62,95,90,12,99,8,14,63,75,70,9,8,16,69,41,39
105,0105 CIN 1-E,"1,302",294,22.58%,133,152,16,102,49,27,114,71,96,25,28,45,94,23,24,121,7,6,12,28,101,91,111,133,15,130,11,18,71,103,100,17,8,15,104,75,37
106,0106 CIN 1-F,"1,179",472,40.03%,220,240,18,155,121,33,163,90,180,74,36,55,159,25,57,174,10,15,16,17,146,152,187,218,23,241,8,14,120,151,164,19,18,24,177,120,46
107,0107 CIN 1-G,"1,000",337,33.70%,150,177,11,112,66,34,93,101,115,47,33,53,119,30,32,103,14,7,21,29,99,96,128,156,16,148,13,17,70,104,105,22,9,22,131,91,42
108,0108 CIN 1-H,716,252,35.20%,111,134,8,87,52,8,78,65,84,23,29,43,95,10,22,93,4,7,14,3,88,71,111,125,17,123,6,3,42,74,79,3,8,9,106,63,66
109,0109 CIN 1-I,"1,149",388,33.77%,171,200,12,131,84,20,118,86,107,54,42,68,124,33,34,147,8,11,32,26,111,131,149,170,20,181,19,13,107,121,138,11,5,31,149,101,44
110,0110 CIN 1-J,"1,205",397,32.95%,190,196,15,138,46,20,129,83,99,41,18,43,163,17,29,145,9,6,25,9,133,105,168,193,14,186,9,9,88,134,124,14,10,14,158,112,66
111,0111 CIN 1-K,"1,142",279,24.43%,118,156,15,84,48,26,79,102,77,39,27,56,98,22,32,93,11,7,19,31,89,70,102,127,24,121,16,12,65,81,79,9,7,27,109,79,36
112,0112 CIN 1-L,688,256,37.21%,135,113,11,105,46,12,80,68,84,26,26,34,92,18,32,79,5,3,10,9,75,82,99,137,12,107,8,7,50,75,68,4,8,14,126,72,34
113,0113 CIN 1-M,995,375,37.69%,191,170,12,150,68,18,104,63,150,60,41,31,150,31,29,106,4,8,15,3,109,97,147,238,15,158,10,8,59,86,97,13,9,15,162,124,89
201,0201 CIN 2-A,"1,380",320,23.19%,103,210,13,45,31,51,96,94,77,23,17,51,45,19,24,151,19,12,38,9,98,144,176,98,20,145,17,58,92,146,143,34,9,30,67,57,45
202,0202 CIN 2-B,"1,528",366,23.95%,110,250,20,43,23,57,120,81,51,29,28,69,53,32,24,175,58,16,37,15,136,170,212,99,17,190,16,76,122,200,181,35,9,31,65,71,48
203,0203 CIN 2-C,"1,277",183,14.33%,56,127,10,28,22,25,81,52,25,17,11,33,32,9,19,104,4,5,12,9,77,88,114,64,13,113,7,21,71,100,95,16,5,11,44,16,28
204,0204 CIN 2-D,"1,331",383,28.78%,109,262,17,75,49,51,152,98,83,29,28,52,75,32,36,193,13,6,38,12,161,167,224,118,17,209,16,33,148,195,186,27,13,33,90,70,44
205,0205 CIN 2-E,"1,252",476,38.02%,214,243,18,142,63,24,152,127,159,63,75,80,178,34,53,167,3,13,28,8,163,138,204,220,33,195,15,20,102,138,160,13,14,29,180,120,139
206,0206 CIN 2-F,"1,318",363,27.54%,71,275,29,37,45,98,128,91,53,31,14,54,53,28,24,197,22,14,33,10,152,191,237,97,18,202,19,54,145,226,202,40,13,33,54,49,66
207,0207 CIN 2-G,"1,326",481,36.27%,276,193,13,174,43,30,156,90,202,60,58,61,193,28,68,126,11,6,17,7,136,145,211,287,18,226,12,21,92,114,131,6,8,19,229,174,111
208,0208 CIN 2-H,947,189,19.96%,45,138,15,25,21,32,70,58,38,27,17,36,37,14,11,99,6,4,22,3,77,71,112,46,16,90,6,23,67,97,93,11,11,20,35,33,25
209,0209 CIN 2-I,"1,144",361,31.56%,101,253,20,77,47,48,156,108,87,28,22,81,82,20,33,193,11,10,40,7,130,122,199,119,29,186,16,34,101,192,171,30,19,30,101,72,34
210,0210 CIN 2-J,"1,386",343,24.75%,118,219,23,64,56,35,142,80,72,41,34,57,94,22,38,169,10,4,40,6,143,130,150,109,24,182,18,18,115,159,152,17,13,25,101,72,46
211,0211 CIN 2-K,"1,458",386,26.47%,117,256,28,74,82,41,161,112,92,47,31,81,81,26,46,189,6,6,39,10,152,134,188,125,24,205,17,32,106,169,163,22,11,43,100,76,50
301,0301 CIN 3-A,"1,375",327,23.78%,62,257,24,12,15,104,84,130,21,11,7,71,19,10,8,178,40,12,14,6,78,142,203,44,8,157,22,165,114,208,143,63,8,28,37,37,36
302,0302 CIN 3-B,879,320,36.41%,101,208,18,53,68,25,113,93,80,36,26,58,86,22,30,154,10,6,28,4,120,109,172,98,5,159,5,32,91,131,120,15,16,20,73,78,77
303,0303 CIN 3-C,"1,135",414,36.48%,184,222,20,82,56,55,132,104,114,38,29,62,108,35,43,156,18,12,19,6,124,129,193,132,19,172,12,59,96,161,143,32,20,32,126,108,73
304,0304 CIN 3-D,"1,509",311,20.61%,44,260,30,14,26,68,112,111,40,24,14,84,34,18,18,190,17,11,44,10,126,129,202,46,6,160,14,100,126,191,178,46,14,35,33,30,35
305,0305 CIN 3-E,"1,384",300,21.68%,63,229,15,21,21,61,111,116,37,13,11,52,24,19,16,186,33,5,26,6,109,145,209,50,9,170,11,99,123,189,177,46,10,32,32,30,41
401,0401 CIN 4-A,968,441,45.56%,182,242,9,108,57,36,176,109,119,33,17,53,129,17,58,185,9,4,20,7,162,134,230,167,15,230,11,13,105,157,168,16,5,23,147,100,95
402,0402 CIN 4-B,"1,031",370,35.89%,131,224,12,100,62,23,146,90,124,45,30,57,121,19,31,157,5,1,19,2,144,111,175,153,12,179,17,6,84,122,148,9,9,12,122,83,58
403,0403 CIN 4-C,884,300,33.94%,106,189,10,63,48,26,138,75,83,27,16,56,89,19,22,162,4,4,21,7,123,110,174,107,9,166,3,8,80,131,131,14,8,14,84,69,74
404,0404 CIN 4-D,"1,228",428,34.85%,182,236,26,105,86,32,174,121,124,64,49,69,134,24,50,185,6,6,34,9,163,136,195,184,19,212,14,11,104,145,161,19,14,27,145,106,75
405,0405 CIN 4-E,"1,149",417,36.29%,161,248,14,91,88,34,152,120,132,51,34,74,130,34,53,170,10,9,32,6,141,128,184,173,26,194,5,9,85,138,141,25,18,30,129,80,101
406,0406 CIN 4-F,"1,039",386,37.15%,154,221,12,93,70,22,146,101,134,38,30,56,124,29,31,156,5,3,18,3,139,113,183,172,15,191,10,5,85,122,148,10,3,10,114,99,99
407,0407 CIN 4-G,"1,195",520,43.51%,297,208,17,197,80,18,170,94,209,66,44,52,240,29,49,146,7,4,13,1,146,115,221,311,25,233,9,6,77,120,142,10,5,15,241,152,170
408,0408 CIN 4-H,"1,464",408,27.87%,158,232,19,117,84,46,135,105,148,60,56,70,135,27,37,163,11,11,52,7,125,120,179,175,35,190,15,9,103,134,136,16,16,30,140,91,60
501,0501 CIN 5-A,"1,194",479,40.12%,246,218,11,127,47,23,155,109,216,63,56,52,186,39,58,144,10,1,13,5,139,123,204,287,34,226,9,8,74,123,125,7,7,12,205,174,110
502,0502 CIN 5-B,"1,106",488,44.12%,195,275,18,141,119,28,179,129,162,50,55,71,174,33,42,180,8,10,23,13,174,150,228,223,26,233,11,10,96,154,165,8,7,20,174,103,132
503,0503 CIN 5-C,803,354,44.08%,139,206,5,79,47,14,150,103,125,51,48,70,112,36,49,150,7,7,12,8,132,127,212,140,13,187,2,13,76,143,141,9,8,19,109,109,69
504,0504 CIN 5-D,"1,300",582,44.77%,234,339,4,159,128,34,212,134,231,87,49,70,204,42,65,227,10,6,24,8,221,184,281,285,19,299,11,8,113,169,195,13,6,19,206,138,145
505,0505 CIN 5-E,"1,372",536,39.07%,223,298,22,130,104,37,202,145,164,58,50,80,180,32,42,210,8,5,40,15,185,165,250,248,24,284,16,14,127,202,194,16,10,18,188,124,116
506,0506 CIN 5-F,937,332,35.43%,148,172,5,102,64,13,124,67,103,39,28,50,112,23,27,124,8,15,21,12,125,85,158,169,21,157,9,7,66,101,115,2,14,17,120,104,71
507,0507 CIN 5-G,"1,477",522,35.34%,260,248,10,156,72,23,142,88,179,56,58,62,209,51,52,159,10,3,26,11,149,131,206,292,17,225,10,15,88,125,147,17,6,18,229,147,115
508,0508 CIN 5-H,961,231,24.04%,40,181,17,20,40,31,95,87,22,22,10,72,35,12,17,135,14,8,35,8,107,102,135,50,12,131,12,13,84,138,124,14,15,20,28,27,43
509,0509 CIN 5-I,"1,288",533,41.38%,294,231,16,200,68,19,147,73,176,55,38,60,234,27,52,155,16,10,20,8,140,146,218,335,23,207,8,14,96,133,138,16,9,19,251,120,124
601,0601 CIN 6-A,"1,722",366,21.25%,106,259,35,57,54,34,146,86,92,52,39,70,103,59,64,176,20,11,35,23,142,134,199,116,15,199,10,10,87,158,157,34,15,26,84,91,78
602,0602 CIN 6-B,"1,147",165,14.39%,53,111,12,32,11,12,49,32,40,24,20,16,53,18,27,59,5,5,11,2,49,50,66,63,6,69,7,6,36,56,45,8,4,9,45,41,61
603,0603 CIN 6-C,"1,826",281,15.39%,61,215,24,20,47,43,113,97,52,35,31,59,65,53,38,173,13,8,50,18,106,102,144,72,6,148,8,8,78,149,132,29,9,29,51,65,48
604,0604 CIN 6-D,"1,595",332,20.82%,65,259,27,24,59,43,134,123,72,47,31,74,67,46,46,208,18,9,80,20,146,123,197,78,9,187,9,12,96,157,161,32,12,38,41,78,55
605,0604 CIN 6-E,"1,201",303,25.23%,91,202,17,49,34,26,122,87,93,29,23,44,89,44,96,129,5,5,17,9,95,93,154,106,15,158,3,7,66,114,119,14,6,14,79,84,47
701,0701 CIN 7-A,"1,283",401,31.25%,82,313,22,19,20,87,107,124,43,15,10,73,37,29,15,203,24,11,37,6,131,223,311,80,18,229,31,90,172,256,213,47,4,41,38,63,57
702,0702 CIN 7-B,738,134,18.16%,33,97,37,6,2,33,42,34,6,5,3,16,6,8,7,78,17,1,3,4,60,72,92,22,5,78,7,36,60,91,84,22,1,10,10,11,30
703,0703 CIN 7-C,"1,147",378,32.96%,55,316,88,8,12,82,131,117,22,3,3,64,22,16,9,231,39,8,13,4,148,258,302,44,19,234,12,106,184,262,227,50,1,22,21,37,57
704,0704 CIN 7-D,"1,181",281,23.79%,53,219,30,14,15,66,63,103,27,9,7,68,13,13,8,146,16,13,19,4,75,154,202,60,19,152,12,88,109,170,144,41,9,35,36,35,41
705,0705 CIN 7-E,605,189,31.24%,28,156,16,10,9,49,55,65,15,3,0,37,7,15,6,102,13,2,15,3,49,109,143,34,12,107,7,57,77,123,98,30,3,19,13,16,25
706,0706 CIN 7-F,869,230,26.47%,40,187,53,2,6,61,70,61,20,5,4,31,14,14,5,135,22,4,13,5,81,134,160,31,7,135,10,76,107,148,137,40,1,17,24,20,38
707,0707 CIN 7-G,"1,324",327,24.70%,64,254,33,20,14,81,110,96,27,11,1,49,19,23,9,189,30,6,3,2,88,179,226,50,14,176,24,88,123,220,171,56,5,32,25,36,42
708,0708 CIN 7-H,"1,134",235,20.72%,49,179,17,14,11,50,77,74,18,8,8,46,16,18,11,152,15,7,18,2,81,140,173,39,4,136,12,74,99,162,131,35,6,25,26,27,32
709,0709 CIN 7-I,"1,140",362,31.75%,83,270,32,25,8,75,114,106,50,20,17,58,37,34,11,195,46,13,10,2,100,189,250,62,8,185,18,110,148,216,168,47,3,22,45,55,69
710,0710 CIN 7-J,534,111,20.79%,28,77,12,1,8,29,25,38,20,13,8,22,11,9,3,57,9,3,4,3,25,49,71,16,3,52,8,30,36,59,56,26,4,14,14,23,11
711,0711 CIN 7-K,988,266,26.92%,47,215,21,12,7,55,100,99,26,11,8,65,22,17,16,169,18,8,10,2,99,139,195,42,6,153,8,65,103,193,181,33,1,18,24,26,38
801,0801 CIN 8-A,"1,575",290,18.41%,49,236,26,15,29,72,99,108,32,27,15,58,21,26,22,173,16,9,43,10,98,124,177,49,8,139,10,56,116,186,165,38,17,36,31,47,47
802,0802 CIN 8-B,"1,344",381,28.35%,118,254,20,53,64,35,183,108,104,31,34,67,89,13,59,207,8,7,34,13,170,165,240,111,11,221,8,18,122,173,182,18,12,25,87,100,65
803,0803 CIN 8-C,"1,555",564,36.27%,285,262,18,183,50,21,207,101,234,71,60,70,222,44,69,202,9,8,21,5,192,172,241,299,35,249,13,12,99,143,159,9,10,18,247,199,120
804,0804 CIN 8-D,"1,590",264,16.60%,36,221,22,12,33,58,115,108,30,22,20,64,23,23,20,190,17,7,37,14,116,121,182,44,7,149,5,25,111,166,149,19,9,28,27,40,45
901,0901 CIN 9-A,882,105,11.90%,27,74,12,8,16,37,24,42,21,7,1,25,4,6,9,53,9,5,14,1,25,40,74,22,2,48,5,26,30,62,42,17,2,18,17,24,20
902,0902 CIN 9-B,"1,464",479,32.72%,158,305,33,65,61,53,205,136,143,58,39,92,128,39,49,255,14,6,37,10,192,183,272,162,8,269,10,24,126,212,216,24,15,41,104,118,96
903,0903 CIN 9-C,"1,290",205,15.89%,45,157,9,17,22,50,72,76,28,13,10,62,22,8,11,118,12,6,20,3,69,92,140,39,4,111,4,42,63,118,112,27,4,21,20,33,18
904,0904 CIN 9-D,"1,114",177,15.89%,32,142,16,11,16,42,58,73,25,9,2,44,13,11,11,110,14,4,18,6,60,84,115,33,9,111,8,55,46,99,83,24,4,8,12,28,30
1001,1001 CIN 10-A,"1,281",361,28.18%,98,248,19,65,44,32,151,98,82,27,24,78,95,31,36,184,10,7,39,11,133,120,187,115,12,190,9,31,103,156,133,19,14,26,88,87,55
1002,1002 CIN 10-B,"1,228",142,11.56%,29,110,13,13,27,27,48,56,29,21,7,33,24,17,16,87,4,5,32,7,51,39,84,36,5,80,2,8,32,86,62,22,7,16,19,43,24
1003,1003 CIN 10-C,"1,276",259,20.30%,43,207,20,18,35,32,118,77,56,32,17,46,52,27,28,169,3,12,51,11,112,102,161,62,5,154,3,19,90,138,139,18,8,22,34,76,42
1101,1101 CIN 11-A,"1,298",308,23.73%,98,205,15,42,46,39,144,103,85,45,28,76,70,35,31,189,9,12,54,10,141,112,172,71,11,175,5,16,89,160,154,12,15,28,54,74,34
1102,1102 CIN 11-B,"1,389",146,10.51%,31,107,6,13,16,23,78,53,21,11,13,33,30,6,16,92,9,6,28,8,71,55,78,27,3,85,8,11,47,81,78,10,11,17,25,26,17
1103,1103 CIN 11-C,"1,060",67,6.32%,14,51,6,9,6,7,32,22,10,5,5,19,13,5,3,40,1,1,13,0,27,25,35,18,0,30,4,1,19,32,29,2,1,6,8,13,4
1104,1104 CIN 11-D,"1,095",167,15.25%,33,132,12,13,26,33,62,73,31,20,22,59,30,17,23,111,5,5,45,8,71,59,87,44,9,83,11,3,50,94,78,10,17,23,21,36,25
1201,1201 CIN 12-A,856,82,9.58%,24,54,7,16,12,10,24,23,20,8,5,22,18,8,8,38,5,7,15,5,28,29,43,21,3,38,1,6,22,30,32,7,2,6,19,20,9
1202,1202 CIN 12-B,634,5,0.79%,0,4,1,0,1,0,1,2,0,0,0,3,1,0,0,3,0,2,3,1,1,1,1,0,0,2,0,0,1,2,2,3,3,1,0,1,1
1203,1203 CIN 12-C,"1,327",129,9.72%,26,100,13,7,10,23,52,37,15,13,5,32,16,9,15,78,6,7,20,5,63,54,77,21,9,66,3,7,58,79,77,9,11,15,13,19,14
1204,1204 CIN 12-D,"1,511",215,14.23%,74,125,22,34,37,22,50,69,44,28,15,41,57,27,22,96,11,7,39,10,93,52,102,66,22,96,16,19,46,73,96,13,12,22,56,57,36
1205,1205 CIN 12-E,"1,355",111,8.19%,18,90,11,11,11,23,37,39,14,9,7,18,11,13,10,61,6,4,24,6,41,42,62,18,5,56,3,14,38,55,45,15,2,11,12,13,7
1301,1301 CIN 13-A,"1,227",147,11.98%,33,107,9,8,5,30,34,40,11,2,2,22,7,6,9,81,14,2,9,2,56,78,100,27,8,72,3,55,70,91,74,20,0,13,19,13,21
1302,1302 CIN 13-B,866,298,34.41%,94,197,15,29,33,46,105,92,85,37,28,58,70,34,35,149,27,4,40,7,99,125,188,88,8,151,9,42,83,133,129,23,12,16,58,69,56
1303,1303 CIN 13-C,"1,254",147,11.72%,31,114,4,9,6,32,49,37,5,6,2,22,9,11,2,69,25,4,12,2,53,73,102,38,3,80,4,45,69,101,80,23,3,16,14,20,20
1304,1304 CIN 13-D,"1,205",247,20.50%,46,192,16,9,21,57,84,76,14,11,5,58,20,19,5,149,20,11,32,9,83,121,180,51,6,132,10,62,97,162,134,41,6,21,22,30,49
1305,1305 CIN 13-E,"1,292",545,42.18%,139,396,32,38,47,63,213,179,118,28,27,147,87,48,35,296,24,12,51,10,241,232,381,119,17,337,12,69,181,295,278,37,15,44,79,138,101
1306,1306 CIN 13-F,962,392,40.75%,65,317,16,19,37,66,134,119,55,23,16,93,40,29,15,254,24,10,66,4,149,202,304,45,6,236,7,60,170,278,245,51,16,15,29,44,69
1307,1307 CIN 13-G,"1,538",189,12.29%,39,145,10,5,7,52,40,64,12,7,6,31,13,18,8,115,20,8,9,3,64,102,131,35,7,100,3,67,88,111,108,45,4,13,17,19,41
1308,1308 CIN 13-H,907,29,3.20%,10,19,3,3,3,4,11,1,8,6,2,1,4,2,1,9,1,2,0,0,5,4,8,9,2,8,0,1,5,10,9,2,1,0,6,7,8
1401,1401 CIN 14-A,"1,269",461,36.33%,118,334,20,59,67,40,208,118,101,50,142,87,92,31,31,253,11,4,52,6,187,178,270,126,46,276,17,23,165,241,216,19,19,39,83,80,66
1402,1402 CIN 14-B,"1,227",362,29.50%,75,278,31,22,25,85,126,150,35,16,12,50,19,19,11,198,15,11,30,9,114,218,244,68,22,198,18,84,153,218,207,39,7,41,38,42,42
1403,1403 CIN 14-C,490,220,44.90%,76,137,5,35,49,19,76,54,82,28,107,33,73,20,23,88,3,5,9,3,80,65,108,76,23,112,7,4,51,76,78,8,7,8,59,55,40
1404,1404 CIN 14-D,"1,450",589,40.62%,148,425,38,46,61,86,240,198,126,35,119,106,78,45,45,319,25,8,53,8,222,286,406,131,25,342,19,89,193,335,282,50,14,43,81,109,98
1405,1405 CIN 14-E,"1,267",437,34.49%,108,317,27,40,64,57,175,137,108,40,133,89,69,38,35,235,14,9,38,5,165,210,275,97,31,248,11,43,155,241,221,32,16,22,65,86,68
1406,1406 CIN 14-F,957,438,45.77%,96,323,19,37,43,60,140,237,85,28,56,111,59,30,23,207,15,5,38,3,137,192,281,82,18,222,6,91,112,227,212,30,5,19,66,84,65
1407,1407 CIN 14-G,"1,034",442,42.75%,107,325,16,72,75,37,180,138,99,49,139,102,69,25,33,237,15,8,50,5,185,152,245,125,67,248,10,13,139,215,207,21,17,26,95,86,63
1408,1408 CIN 14-H,"1,254",415,33.09%,103,298,35,42,81,66,157,123,94,42,105,87,59,28,47,217,18,5,67,5,143,157,240,92,53,232,20,31,126,216,207,35,12,32,72,74,50
1409,1409 CIN 14-I,"1,400",350,25.00%,81,262,28,31,73,54,133,113,92,52,103,81,70,37,42,189,13,2,52,6,125,133,192,81,16,188,12,22,99,171,167,24,13,33,59,71,64
1501,1501 CIN 15-A,"1,214",435,35.83%,58,368,25,26,68,56,190,204,80,61,18,152,63,36,45,306,9,13,131,13,184,139,236,50,11,240,42,11,126,230,217,30,33,45,42,73,55
1502,1502 CIN 15-B,"1,484",494,33.29%,144,344,35,46,69,58,218,184,106,44,31,192,92,32,56,310,21,19,87,17,238,173,293,100,17,270,14,41,136,251,243,41,24,39,77,124,79
1503,1503 CIN 15-C,963,139,14.43%,28,104,14,7,5,51,42,53,15,4,6,40,13,13,5,89,9,5,7,2,52,70,93,17,4,73,6,28,53,83,75,22,1,24,12,16,18
1504,1504 CIN 15-D,854,243,28.45%,57,180,25,8,13,49,64,89,39,17,9,69,22,17,16,126,24,4,18,5,58,109,166,29,8,104,12,46,71,139,110,17,3,15,25,46,48
1505,1505 CIN 15-E,"1,409",475,33.71%,147,322,66,45,74,52,233,180,126,77,32,170,101,33,48,267,9,11,84,11,252,138,285,99,4,272,18,16,118,212,241,28,16,35,78,130,72
1506,1506 CIN 15-F,"1,061",327,30.82%,73,249,21,31,29,54,146,123,78,35,18,85,56,20,41,199,10,10,44,4,138,132,205,73,9,185,23,23,103,158,166,17,11,25,50,65,64
1507,1507 CIN 15-G,722,263,36.43%,72,189,7,24,33,23,118,83,64,36,25,73,59,14,20,151,7,1,21,2,112,101,158,59,5,140,7,10,72,116,128,14,3,15,44,60,44
1508,1508 CIN 15-H,"1,179",611,51.82%,217,385,48,90,68,37,287,207,228,93,57,142,175,39,74,325,9,7,37,4,341,239,361,179,25,377,15,13,146,244,271,16,13,21,143,154,111
1509,1509 CIN 15-I,"1,014",326,32.15%,90,227,29,31,67,32,162,139,92,38,26,88,57,19,25,195,4,4,55,7,164,108,190,67,8,178,17,6,97,154,162,17,13,24,56,82,57
1510,1510 CIN 15-J,827,151,18.26%,26,120,13,3,7,47,42,54,15,8,4,36,8,10,9,89,12,5,8,2,48,73,100,21,4,65,6,47,62,98,67,27,2,12,13,13,23
1601,1601 CIN 16-A,"1,286",172,13.37%,48,120,2,14,9,18,83,44,39,16,8,25,31,19,19,98,7,7,11,7,84,79,99,50,7,108,6,11,56,91,98,5,4,8,27,17,12
1701,1701 CIN 17-A,"1,529",237,15.50%,57,172,11,6,7,58,49,93,27,7,6,73,18,23,10,126,83,5,22,5,61,97,117,38,7,90,7,43,57,126,95,47,2,23,11,28,24
1702,1702 CIN 17-B,"1,525",318,20.85%,61,246,18,19,52,29,126,104,77,29,33,68,68,41,45,196,15,14,45,16,129,127,198,73,7,178,9,12,97,167,144,17,14,26,41,66,63
1703,1703 CIN 17-C,"1,158",218,18.83%,39,175,7,15,20,21,79,65,33,8,10,52,43,77,19,115,25,11,16,5,76,90,143,43,7,131,4,20,74,113,105,15,9,20,31,30,29
1801,1801 CIN 18-A,"1,037",164,15.81%,30,132,10,11,16,30,38,60,25,10,8,43,22,26,8,90,41,3,15,3,47,74,104,40,4,83,6,30,54,89,72,17,3,13,26,33,12
1802,1802 CIN 18-B,766,79,10.31%,23,53,7,1,2,18,12,27,5,5,1,19,7,12,7,37,11,2,3,5,23,35,42,17,2,35,2,22,23,46,36,14,0,11,11,14,6
1901,1901 CIN 19-A,978,242,24.74%,146,89,9,107,10,17,59,36,86,64,26,22,135,13,32,45,7,8,17,5,47,57,59,150,13,83,16,12,43,43,50,8,6,17,143,54,27
1902,1902 CIN 19-B,"1,278",421,32.94%,284,129,7,198,30,21,98,48,188,132,44,39,234,49,61,65,16,22,25,8,82,95,89,265,28,120,20,17,72,65,83,15,16,48,263,127,50
1903,1903 CIN 19-C,"1,274",255,20.02%,170,79,11,123,19,20,78,45,92,52,32,32,114,12,42,51,12,14,21,6,64,52,59,157,23,75,13,9,33,38,45,12,10,29,150,87,28
1904,1904 CIN 19-D,433,26,6.00%,7,18,4,5,2,9,10,5,7,2,2,5,7,1,1,13,4,1,4,2,8,8,16,6,2,12,6,6,9,12,12,5,2,3,6,5,0
2001,2001 CIN 20-A,"1,230",150,12.20%,57,90,8,33,9,24,60,35,40,21,7,26,46,10,12,48,11,6,17,3,44,52,64,61,6,65,8,13,45,52,52,14,7,15,53,32,19
2002,2002 CIN 20-B,"1,064",154,14.47%,62,81,10,47,16,33,57,41,39,30,10,30,50,9,25,63,9,14,23,6,43,44,59,57,10,66,12,14,34,55,50,14,6,25,54,33,12
2003,2003 CIN 20-C,"1,511",338,22.37%,145,186,18,87,34,33,178,93,103,67,24,64,101,12,44,137,7,13,38,15,118,111,151,124,23,152,25,10,96,126,127,11,23,37,146,85,28
2004,2004 CIN 20-D,"1,431",281,19.64%,102,173,14,55,31,39,153,68,94,68,20,45,69,24,19,113,12,4,34,13,93,102,133,93,13,152,9,9,79,116,108,20,6,22,98,78,27
2005,2005 CIN 20-E,"1,113",87,7.82%,44,42,6,25,6,6,38,20,15,16,8,9,20,7,7,29,3,3,6,6,33,36,39,33,7,38,10,7,26,37,34,4,5,7,37,21,11
2101,2101 CIN 21-A,583,92,15.78%,34,54,7,15,6,21,23,23,25,12,6,18,12,4,3,34,8,5,4,2,27,34,48,27,14,43,5,14,30,42,33,19,4,12,22,29,13
2102,2102 CIN 21-B,862,70,8.12%,17,49,4,10,2,13,28,19,16,10,2,24,19,3,3,36,4,5,4,1,25,20,42,19,2,39,3,10,23,36,35,11,3,3,17,17,7
2103,2103 CIN 21-C,"1,123",117,10.42%,44,70,6,24,5,18,36,44,24,14,7,34,27,10,5,54,11,2,6,1,36,41,59,42,10,60,5,15,27,61,57,10,2,8,34,43,13
2104,2104 CIN 21-D,905,123,13.59%,57,64,10,43,9,17,45,25,41,20,7,21,38,13,13,45,11,2,12,3,37,50,54,45,10,60,8,14,38,52,49,11,6,16,46,33,15
2105,2105 CIN 21-E,804,88,10.95%,22,65,4,3,2,26,43,27,10,5,0,12,4,3,3,55,5,0,4,0,35,47,60,14,0,60,0,20,45,57,58,14,2,9,9,12,9
2201,2201 CIN 22-A,"1,412",409,28.97%,67,332,44,26,68,93,169,195,73,42,18,134,40,28,30,264,14,13,117,21,146,119,214,72,11,214,68,29,111,262,226,42,34,59,57,81,45
2202,2202 CIN 22-B,"1,130",185,16.37%,45,136,25,16,16,51,66,69,33,13,11,38,28,16,16,111,10,6,36,6,51,66,98,35,7,93,13,29,59,107,92,32,11,33,23,43,21
2203,2203 CIN 22-C,"1,378",105,7.62%,21,83,14,12,3,29,31,39,11,8,3,21,9,10,6,58,19,7,5,3,30,43,63,12,7,52,3,35,44,66,45,19,6,10,15,16,13
2301,2301 CIN 23-A,"1,550",510,32.90%,117,385,34,52,83,72,191,176,148,50,28,125,80,27,46,311,14,11,91,15,202,197,277,86,10,273,30,29,160,287,267,42,23,47,89,108,62
2302,2302 CIN 23-B,"1,596",146,9.15%,49,97,5,13,7,31,57,41,63,16,8,31,26,8,7,76,5,3,9,2,54,62,84,28,3,73,7,15,53,78,66,16,4,12,28,28,21
2303,2303 CIN 23-C,889,414,46.57%,64,348,28,25,73,53,179,220,84,35,22,122,64,29,44,284,9,9,110,9,156,133,258,50,13,239,45,15,108,233,209,24,22,34,44,88,47
2304,2304 CIN 23-D,"1,184",501,42.31%,82,412,32,25,85,61,223,228,96,61,26,153,62,26,37,375,10,20,162,15,207,182,307,55,8,292,56,15,170,278,281,27,41,40,53,104,46
2305,2305 CIN 23-E,"1,065",246,23.10%,48,190,11,15,13,66,72,87,59,21,8,55,26,30,14,168,25,3,12,1,72,108,156,41,5,124,6,55,74,139,148,18,3,23,34,36,57
2306,2306 CIN 23-F,"1,291",397,30.75%,99,293,21,58,48,62,170,111,92,48,22,76,75,33,32,241,20,10,43,4,150,184,241,95,10,227,13,41,147,205,206,38,7,31,82,77,42
2307,2307 CIN 23-G,576,140,24.31%,18,121,3,10,2,33,54,64,29,3,4,31,14,12,3,97,15,1,4,0,58,61,108,24,1,78,4,24,42,99,87,11,0,6,15,20,20
2308,2308 CIN 23-H,978,459,46.93%,162,283,27,85,54,50,173,153,186,70,53,87,137,49,42,236,12,6,42,3,152,170,253,160,9,246,12,31,114,214,216,17,7,16,123,106,78
2309,2309 CIN 23-I,967,362,37.44%,139,219,15,86,31,60,108,125,160,48,42,73,102,35,31,160,19,8,23,5,100,153,171,137,11,178,12,28,89,152,164,37,6,29,110,99,62
2310,2310 CIN 23-J,"1,131",304,26.88%,127,169,11,86,12,41,111,92,126,61,30,37,91,29,20,138,16,13,14,4,115,146,141,111,13,134,13,31,101,127,138,14,6,14,98,66,39
2311,2311 CIN 23-K,"1,255",504,40.16%,124,376,22,43,75,68,217,230,133,48,34,142,94,29,56,309,28,8,51,13,206,216,320,93,12,292,13,32,128,254,255,30,12,24,65,98,56
2312,2312 CIN 23-L,633,131,20.70%,38,90,12,17,8,33,46,53,45,13,9,26,26,11,15,77,9,6,12,3,43,54,77,32,8,56,3,12,34,70,51,14,4,11,26,24,19
2313,2313 CIN 23-M,"1,035",304,29.37%,103,196,15,36,26,53,122,104,86,29,26,72,50,30,41,166,20,12,43,5,96,127,161,88,9,156,14,41,84,143,137,30,4,24,58,63,61
2314,2314 CIN 23-N,"1,213",417,34.38%,119,294,27,58,29,70,138,144,136,60,29,81,108,41,58,213,29,12,30,8,141,197,243,148,17,213,11,49,128,215,187,21,6,28,98,100,62
2315,2315 CIN 23-O,"1,062",424,39.92%,105,302,26,51,18,67,132,124,91,40,19,60,64,33,35,255,27,11,19,7,155,239,283,103,10,236,16,62,168,252,237,51,5,22,70,66,52
2316,2316 CIN 23-P,"1,481",356,24.04%,91,254,19,40,20,59,153,89,97,40,14,45,59,21,24,207,34,11,16,10,149,209,241,89,9,201,17,43,155,189,196,25,3,21,63,47,35
2317,2317 CIN 23-Q,817,230,28.15%,106,116,5,56,16,10,67,59,66,40,27,53,77,19,29,97,12,3,11,4,78,86,115,99,7,109,15,18,53,86,81,9,2,10,74,69,37
2318,2318 CIN 23-R,658,182,27.66%,44,133,10,22,9,32,57,61,54,22,15,45,30,18,22,86,12,3,22,3,52,76,105,57,11,88,3,26,54,93,103,24,8,11,34,44,31
2401,2401 CIN 24-A,"1,371",396,28.88%,71,321,36,16,17,94,104,134,30,17,10,68,44,27,34,240,45,20,32,11,122,213,275,75,13,210,20,111,135,257,210,47,12,33,41,53,31
2402,2402 CIN 24-B,"1,414",361,25.53%,105,250,40,45,35,56,119,109,89,40,34,89,65,31,34,203,22,14,68,16,134,157,213,90,11,193,23,38,137,187,185,43,9,23,65,68,39
2403,2403 CIN 24-C,"1,494",214,14.32%,88,123,12,51,14,27,72,50,39,16,13,28,50,16,22,97,17,8,15,10,83,93,124,78,14,107,11,24,67,109,100,18,1,11,62,45,19
2404,2404 CIN 24-D,"1,461",288,19.71%,121,159,6,73,14,34,82,65,70,24,23,44,70,18,30,113,41,11,22,9,95,100,126,117,16,131,16,32,75,101,93,23,7,25,96,69,29
2405,2405 CIN 24-E,917,36,3.93%,11,24,1,5,3,10,8,9,5,6,2,7,8,4,1,19,6,2,4,0,14,17,21,20,1,18,2,8,10,23,14,8,2,7,10,7,2
2406,2406 CIN 24-F,882,203,23.02%,62,135,11,20,17,35,58,69,33,13,13,21,28,18,11,93,13,7,10,4,70,96,117,62,11,97,16,43,62,104,92,31,4,24,47,36,29
2407,2407 CIN 24-G,"1,358",330,24.30%,151,170,24,101,24,32,113,92,102,50,37,54,113,25,34,123,18,11,32,7,116,133,139,154,26,155,31,24,100,129,139,14,16,35,130,81,54
2408,2408 CIN 24-H,563,11,1.95%,3,8,1,0,0,0,3,2,0,1,1,2,1,2,0,7,2,0,0,0,6,9,9,2,0,7,1,1,7,8,7,0,0,0,1,3,3
2409,2409 CIN 24-I,658,25,3.80%,7,17,3,1,0,6,6,4,4,2,0,4,4,3,0,12,3,0,1,1,7,11,19,8,1,12,0,10,5,22,12,6,0,5,3,7,4
2501,2501 CIN 25-A,"1,129",186,16.47%,34,147,17,18,8,38,77,47,29,19,11,27,21,19,8,114,29,2,16,5,86,109,127,33,5,111,10,29,84,116,105,22,8,18,28,21,18
2502,2502 CIN 25-B,"1,151",94,8.17%,45,47,7,28,4,15,37,19,20,9,9,20,23,10,5,31,9,5,5,2,26,34,37,40,6,41,8,11,31,36,31,17,3,10,44,30,10
2503,2503 CIN 25-C,"1,124",383,34.07%,197,177,16,122,29,47,150,100,136,96,36,75,144,21,35,105,11,13,22,9,85,95,117,184,22,134,18,28,70,109,98,34,7,56,170,103,24
2504,2504 CIN 25-D,"1,107",222,20.05%,123,91,4,83,18,28,103,43,75,39,16,26,93,13,29,59,7,8,14,5,54,54,70,108,24,82,16,18,62,59,63,16,12,27,121,49,25
2505,2505 CIN 25-E,"1,225",318,25.96%,190,119,16,129,27,21,120,73,135,97,34,40,126,20,34,73,15,10,22,3,51,79,106,178,31,137,21,17,64,83,75,8,12,24,178,105,31
2506,2506 CIN 25-F,"1,309",256,19.56%,119,126,14,80,23,20,122,82,85,63,24,51,84,18,17,96,9,7,29,3,72,61,105,95,12,108,15,20,57,96,80,21,15,29,119,54,21
2507,2507 CIN 25-G,612,125,20.42%,65,57,2,44,2,15,66,26,39,26,8,10,43,4,10,45,5,6,5,3,37,41,47,58,5,49,6,10,37,45,43,12,3,14,55,37,10
2508,2508 CIN 25-H,"1,421",295,20.76%,154,133,16,96,31,37,127,93,97,59,40,54,100,26,36,109,17,11,26,6,78,94,115,118,12,110,22,14,88,101,100,21,17,40,126,91,30
2509,2509 CIN 25-I,"1,226",290,23.65%,146,131,12,98,19,30,144,82,125,78,23,51,104,19,30,81,9,6,16,4,65,72,88,129,8,107,5,11,48,72,73,28,15,27,145,85,31
2510,2510 CIN 25-J,"1,189",186,15.64%,75,107,9,46,8,21,84,34,45,25,14,23,42,11,16,85,9,5,10,4,71,76,90,58,10,90,5,18,66,91,85,16,4,13,56,44,18
2511,2511 CIN 25-K,"1,431",236,16.49%,95,134,16,57,27,42,112,71,66,45,24,59,60,11,32,90,6,5,30,12,55,58,87,82,9,90,13,16,46,87,75,19,17,35,86,52,16
2512,2512 CIN 25-L,864,79,9.14%,20,55,3,8,4,21,38,19,8,6,2,8,6,6,4,50,7,2,1,2,34,47,50,13,0,43,3,12,35,49,46,12,0,7,18,7,6
2601,2601 CIN 26-A,"1,233",464,37.63%,234,215,18,156,46,59,147,90,178,219,50,70,171,45,56,165,15,17,33,9,105,127,166,210,15,185,15,16,82,126,112,33,12,32,213,127,62
2602,2602 CIN 26-B,"1,081",279,25.81%,98,174,30,51,25,57,106,82,83,96,24,58,68,28,22,129,16,19,32,5,88,92,137,91,6,106,7,29,59,109,99,34,11,24,73,53,50
2603,2603 CIN 26-C,668,166,24.85%,57,106,17,42,21,38,49,60,48,68,15,35,36,14,19,67,9,10,33,3,37,45,63,58,8,60,12,12,32,52,48,19,7,22,56,58,18
2604,2604 CIN 26-D,"1,032",130,12.60%,34,94,12,15,8,45,52,47,18,19,5,25,16,9,11,77,20,5,9,2,47,64,89,30,5,72,8,18,43,74,65,28,0,10,19,18,17
2605,2605 CIN 26-E,"1,235",149,12.06%,39,104,13,16,6,38,49,37,26,25,7,30,28,16,5,76,12,27,17,4,46,72,79,36,3,77,6,31,44,87,67,25,6,17,26,29,23
2606,2606 CIN 26-F,870,118,13.56%,28,85,6,12,15,30,54,32,21,21,9,17,16,12,12,66,9,2,13,4,48,56,61,26,1,62,5,17,50,73,59,10,1,4,18,19,18
2607,2607 CIN 26-G,"1,031",196,19.01%,105,85,5,70,27,24,68,52,87,61,27,31,65,19,37,53,10,11,17,6,47,60,66,88,10,78,8,15,40,55,61,16,5,16,80,48,22
2608,2608 CIN 26-H,901,35,3.88%,10,23,1,0,2,16,12,12,4,2,0,9,1,4,5,21,6,3,0,0,9,12,20,9,1,15,2,12,13,23,14,12,1,5,6,6,0
2609,2609 CIN 26-I,"1,101",315,28.61%,166,138,18,92,25,43,118,90,105,126,33,59,105,25,29,105,20,15,32,9,85,80,121,139,28,120,8,8,50,92,74,24,7,30,122,76,24
2610,2610 CIN 26-J,"1,311",263,20.06%,58,199,17,22,8,55,86,84,61,49,26,50,27,29,12,152,32,12,9,10,90,120,159,73,8,130,10,41,87,148,127,37,3,16,36,43,36
2611,2611 CIN 26-K,"1,297",321,24.75%,150,160,9,102,28,36,99,68,110,102,27,47,105,18,25,116,20,30,31,5,99,95,123,147,15,125,13,26,69,98,90,22,10,20,146,69,45
2612,2612 CIN 26-L,845,163,19.29%,62,98,7,46,4,21,58,28,56,52,16,24,55,19,13,75,13,2,13,7,51,62,73,73,14,73,3,16,48,58,58,16,11,21,56,38,16
2613,2613 CIN 26-M,679,104,15.32%,37,63,6,18,7,13,25,26,19,29,11,21,25,8,13,46,8,14,7,5,33,28,47,38,5,37,4,14,26,39,36,7,3,8,32,23,20
2614,2614 CIN 26-N,"1,242",206,16.59%,93,108,7,46,13,25,53,50,63,85,23,42,67,16,17,78,15,12,13,3,55,59,84,89,16,80,10,19,44,78,57,24,14,20,76,64,27
2615,2615 CIN 26-O,"1,156",412,35.64%,156,248,23,92,40,73,130,111,118,202,40,88,115,31,45,201,17,16,55,7,106,114,162,139,13,167,17,14,87,152,132,54,14,32,117,102,46
2616,2616 CIN 26-P,"1,282",240,18.72%,82,156,11,34,13,36,82,50,66,76,19,43,59,28,19,115,22,26,12,5,80,107,130,66,9,110,7,25,75,121,113,38,3,14,63,56,43
2617,2617 CIN 26-Q,"1,273",105,8.25%,31,72,11,10,1,24,35,22,23,16,9,15,19,9,9,57,14,9,13,3,30,50,48,28,2,48,9,11,37,60,47,18,1,14,21,16,13
2618,2618 CIN 26-R,770,92,11.95%,27,63,4,14,6,14,34,28,15,6,4,9,10,3,4,50,9,7,7,1,37,54,61,25,8,51,1,18,40,52,53,20,3,9,20,12,9
2619,2619 CIN 26-S,"1,002",188,18.76%,96,89,11,64,19,33,42,41,68,48,21,24,66,18,14,52,19,11,18,7,47,53,68,89,12,63,13,15,35,54,43,25,10,21,78,42,31
,TOTAL,"215,985","53,847",24.93%,"17,919","34,541","3,166","9,805","6,395","7,224","19,695","15,910","13,888","6,947","4,695","10,258","12,794","4,210","4,975","25,828","2,651","1,496","5,139","1,358","18,772","20,265","28,672","17,497","2,439","26,996","2,158","5,278","15,295","24,177","22,879","4,109","1,652","4,109","13,830","11,734","8,367"
,REGULAR,,"40,124",18.58%,"13,992","25,111","2,405","7,942","4,863","5,578","14,546","11,412","10,508","5,501","3,576","7,539","9,950","2,962","3,711","18,859","2,060","1,225","4,097","1,126","13,556","14,011","19,960","13,923","1,922","19,442","1,607","3,481","10,778","17,514","16,208","3,221","1,331","3,277","11,004","8,863","5,870"
,ABSENTEE,,"13,723",6.35%,"3,927","9,430",761,"1,863","1,532","1,646","5,149","4,498","3,380","1,446","1,119","2,719","2,844","1,248","1,264","6,969",591,271,"1,042",232,"5,216","6,254","8,712","3,574",517,"7,554",551,"1,797","4,517","6,663","6,671",888,321,832,"2,826","2,871","2,497"
,,,,,,,,,,,,,,,,,,,,,,,,,,,,,,,,,,,,,,,,,
,CINTI CTY -190-,"215,985","53,847",24.93%,17919,34541,3166,9805,6395,7224,19695,15910,13888,6947,4695,10258,12794,4210,4975,25828,2651,1496,5139,1358,18772,20265,28672,17497,2439,26996,2158,5278,15295,24177,22879,4109,1652,4109,13830,11734,8367
,WARD 1 -13-,"12,970","4,169",32.14%,"1,876","2,157",171,"1,422",833,308,"1,388","1,058","1,331",556,384,617,"1,438",320,406,"1,488",99,99,273,229,"1,325","1,224","1,686","1,992",229,"1,940",153,146,928,"1,311","1,315",144,123,265,"1,616","1,090",601
,WARD 2 -11-,"14,347","3,851",26.84%,"1,320","2,426",206,784,482,492,"1,414",991,939,395,335,655,923,264,376,"1,763",163,96,344,96,"1,425","1,500","2,027","1,382",229,"1,943",159,390,"1,161","1,736","1,677",251,125,304,"1,066",810,636
,WARD 3 -5-,"6,282","1,672",26.62%,454,"1,176",107,182,186,313,552,554,292,122,87,327,271,104,115,864,118,46,131,32,557,654,979,370,47,818,64,455,550,880,761,202,68,147,301,283,262
,WARD 4 -8-,"8,958","3,270",36.50%,"1,371","1,800",119,874,575,237,"1,237",815,"1,073",384,276,487,"1,102",198,331,"1,324",57,42,209,42,"1,143",967,"1,541","1,442",156,"1,595",84,67,723,"1,069","1,175",119,78,161,"1,122",780,732
,WARD 5 -9-,"10,438","4,057",38.87%,"1,779","2,168",108,"1,114",689,222,"1,406",935,"1,378",481,392,587,"1,446",295,404,"1,484",91,65,214,88,"1,372","1,213","1,892","2,029",189,"1,949",88,102,820,"1,288","1,344",102,82,162,"1,510","1,046",925
,WARD 6 -5-,"6,290","1,447",23.00%,285,844,98,133,171,132,442,338,256,158,121,219,288,176,175,616,56,33,176,63,443,409,606,329,36,603,34,36,297,520,495,103,40,102,221,275,242
,WARD 7 -11-,"10,943","2,914",26.63%,562,"2,283",361,131,112,668,894,917,274,103,69,529,204,196,100,"1,657",249,76,145,37,937,"1,646","2,125",480,115,"1,637",149,820,"1,218","1,900","1,610",427,38,255,276,349,440
,WARD 8 -4-,"6,064","1,499",24.72%,488,973,86,263,176,186,604,425,400,151,129,259,355,106,170,772,50,31,135,42,576,582,840,503,61,758,36,111,448,668,655,84,48,107,392,386,277
,WARD 9 -4-,"4,750",966,20.34%,262,678,70,101,115,182,359,327,217,87,52,223,167,64,80,536,49,21,89,20,346,399,601,256,23,539,27,147,265,491,453,92,25,88,153,203,164
,WARD 10 -3-,"3,785",762,20.13%,170,565,52,96,106,91,317,231,167,80,48,157,171,75,80,440,17,24,122,29,296,261,432,213,22,424,14,58,225,380,334,59,29,64,141,206,121
,WARD 11 -4-,"3,747",688,18.36%,143,363,27,64,68,69,254,178,116,61,46,128,113,46,50,321,19,19,95,18,239,192,285,116,14,290,17,28,155,273,261,24,27,51,87,113,55
,WARD 12 -5-,"5,683",542,9.54%,142,373,54,68,71,78,164,170,93,58,32,116,103,57,55,276,28,27,101,27,226,178,285,126,39,258,23,46,165,239,252,47,30,55,100,110,67
,WARD 13 -8-,"9,251","1,994",21.55%,457,"1,487",105,120,159,350,670,608,308,120,88,432,250,167,110,"1,122",155,53,219,37,750,937,"1,394",412,57,"1,116",48,401,763,"1,181","1,057",242,57,138,244,340,365
,WARD 14 -9-,"10,348","3,714",35.89%,912,"2,699",219,384,538,504,"1,435","1,268",822,340,916,746,588,273,290,"1,943",129,57,389,50,"1,358","1,591","2,261",878,301,"2,066",120,400,"1,193","1,940","1,797",258,110,263,618,687,556
,WARD 15 -10-,"10,727","3,464",32.29%,912,"2,488",283,311,433,459,"1,502","1,316",843,413,226,"1,047",646,233,339,"2,057",114,79,492,67,"1,587","1,282","2,087",694,95,"1,904",160,241,984,"1,685","1,680",229,119,255,540,763,571
,WARD 16 -1-,"1,286",172,13.37%,48,120,2,14,9,18,83,44,39,16,8,25,31,19,19,98,7,7,11,7,84,79,99,50,7,108,6,11,56,91,98,5,4,8,27,17,12
,WARD 17 -3-,"4,212",773,18.35%,157,593,36,40,79,108,254,262,137,44,49,193,129,141,74,437,123,30,83,26,266,314,458,154,21,399,20,75,228,406,344,79,25,69,83,124,116
,WARD 18 -2-,"1,803",243,13.48%,53,185,17,12,18,48,50,87,30,15,9,62,29,38,15,127,52,5,18,8,70,109,146,57,6,118,8,52,77,135,108,31,3,24,37,47,18
,WARD 19 -4-,"3,963",944,23.82%,607,315,31,433,61,67,245,134,373,250,104,98,490,75,136,174,39,45,67,21,201,212,223,578,66,290,55,44,157,158,190,40,34,97,562,273,105
,WARD 20 -5-,"6,349","1,010",15.91%,410,572,56,247,96,135,486,257,291,202,69,174,286,62,107,390,42,40,118,43,331,345,446,368,59,473,64,53,280,386,371,63,47,106,388,249,97
,WARD 21 -5-,"4,277",490,11.46%,174,302,31,95,24,95,175,138,116,61,22,109,100,33,27,224,39,14,30,7,160,192,263,147,36,262,21,73,163,248,232,65,17,48,128,134,57
,WARD 22 -3-,"3,920",699,17.83%,133,551,83,54,87,173,266,303,117,63,32,193,77,54,52,433,43,26,158,30,227,228,375,119,25,359,84,93,214,435,363,93,51,102,95,140,79
,WARD 23 -18-,"19,381","6,027",31.10%,"1,635","4,278",323,778,609,921,"2,270","2,161","1,751",705,416,"1,314","1,185",480,556,"3,496",316,150,714,111,"2,186","2,600","3,541","1,496",166,"3,215",290,567,"1,862","3,114","3,029",448,163,403,"1,164","1,243",827
,WARD 24 -9-,"10,118","1,864",18.42%,619,"1,207",134,312,124,294,565,534,372,169,133,317,383,144,166,907,167,73,184,58,647,829,"1,043",606,93,930,120,291,598,940,852,190,51,163,455,369,210
,WARD 25 -12-,"13,788","2,670",19.36%,"1,263","1,324",132,809,200,335,"1,180",689,860,562,241,444,846,178,256,938,133,80,196,58,714,820,"1,039","1,096",144,"1,102",142,204,688,944,874,226,113,300,"1,146",678,240
,WARD 26 -19-,"20,009","3,946",19.72%,"1,563","2,280",226,902,314,680,"1,299","1,010","1,169","1,302",366,697,"1,054",351,367,"1,701",286,248,364,95,"1,140","1,350","1,757","1,454",179,"1,659",158,357,961,"1,551","1,355",462,122,335,"1,258",899,520
,,,,,,,,,,,,,,,,,,,,,,,,,,,,,,,,,,,,,,,,,
