"line number","contest name","choice name","party name","total votes","percent of votes","registered voters","ballots cast","num Area total","num Area rptg","Early Under Vote","Early Over Vote","Election Under Vote","Election Over Votes","over votes","under votes"
1,"CITY OF CHEVIOT For Mayor (Vote For 1)","Samuel D. Keller","DEM",930,100.00,0,0,4,4,"30","0","325","0","0","0"
2,"CITY OF CHEVIOT For Auditor (Vote For 1)","Theresa Elizabeth Ciolino-Klein","DEM",896,100.00,0,0,4,4,"33","0","356","0","0","0"
3,"CITY OF CHEVIOT For Director of Law (Vote For 1)","Kimberlee Erdman Rohr","DEM",714,57.35,0,0,4,4,"3","0","36","1","0","0"
4,"CITY OF CHEVIOT For Director of Law (Vote For 1)","Deborah M. Slaughter","REP",531,42.65,0,0,4,4,"3","0","36","1","0","0"
5,"CITY OF CHEVIOT For Member of Council at Large (Vote For 3)","Kathleen Zech","REP",689,23.70,0,0,4,4,"98","0","844","2","0","0"
6,"CITY OF CHEVIOT For Member of Council at Large (Vote For 3)","Amy Luken-Richter","REP",646,22.22,0,0,4,4,"98","0","844","2","0","0"
7,"CITY OF CHEVIOT For Member of Council at Large (Vote For 3)","Anita Gail Griffin","DEM",608,20.92,0,0,4,4,"98","0","844","2","0","0"
8,"CITY OF CHEVIOT For Member of Council at Large (Vote For 3)","Kerry W. Smyth","REP",580,19.95,0,0,4,4,"98","0","844","2","0","0"
9,"CITY OF CHEVIOT For Member of Council at Large (Vote For 3)","J. Danielle Petermann","",384,13.21,0,0,4,4,"98","0","844","2","0","0"
10,"CITY OF DEER PARK For Mayor (Vote For 1)","John D. Donnellon","",882,100.00,0,0,4,4,"37","0","232","0","0","0"
11,"CITY OF DEER PARK For President of Council (Vote For 1)","Shaughn T. Daily","",795,100.00,0,0,4,4,"40","0","316","0","0","0"
12,"CITY OF DEER PARK For Auditor (Vote For 1)","John C. Applegate","",818,100.00,0,0,4,4,"40","0","293","0","0","0"
13,"CITY OF DEER PARK For Director of Law (Vote For 1)","Andrew J. Helmes","",785,100.00,0,0,4,4,"44","0","322","0","0","0"
14,"CITY OF DEER PARK For Member of Council at Large (Vote For 3)","Thomas H. Camp","",680,34.82,0,0,4,4,"168","0","1332","0","0","0"
15,"CITY OF DEER PARK For Member of Council at Large (Vote For 3)","Mark J. Feldhaus","",674,34.51,0,0,4,4,"168","0","1332","0","0","0"
16,"CITY OF DEER PARK For Member of Council at Large (Vote For 3)","Daniel Lehane","",599,30.67,0,0,4,4,"168","0","1332","0","0","0"
17,"CITY OF DEER PARK For Member of Council (1st Ward) (Vote For 1)","Lori Newsom","",180,66.42,0,0,1,1,"2","0","11","0","0","0"
18,"CITY OF DEER PARK For Member of Council (1st Ward) (Vote For 1)","Kerry K. Baker","",91,33.58,0,0,1,1,"2","0","11","0","0","0"
19,"CITY OF DEER PARK For Member of Council (2nd Ward) (Vote For 1)","Michael W. Rapp","",174,100.00,0,0,1,1,"9","0","75","0","0","0"
20,"CITY OF DEER PARK For Member of Council (3rd Ward) (Vote For 1)","Kathy L. Downs","",150,56.60,0,0,1,1,"3","1","12","0","0","0"
21,"CITY OF DEER PARK For Member of Council (3rd Ward) (Vote For 1)","Emily Culver","",115,43.40,0,0,1,1,"3","1","12","0","0","0"
22,"CITY OF DEER PARK For Member of Council (4th Ward) (Vote For 1)","Charles Tassell","",198,63.06,0,0,1,1,"2","0","10","2","0","0"
23,"CITY OF DEER PARK For Member of Council (4th Ward) (Vote For 1)","Shawn Gavin","",116,36.94,0,0,1,1,"2","0","10","2","0","0"
24,"CITY OF HARRISON For Mayor (Vote For 1)","William A. Neyer","REP",1705,100.00,0,0,6,6,"40","0","478","0","0","0"
25,"CITY OF HARRISON For Member of Council at Large (Vote For 3)","Ryan Samuels","REP",1237,23.03,0,0,6,6,"83","0","1193","7","0","0"
26,"CITY OF HARRISON For Member of Council at Large (Vote For 3)","Jean L. Wilson","REP",1141,21.24,0,0,6,6,"83","0","1193","7","0","0"
27,"CITY OF HARRISON For Member of Council at Large (Vote For 3)","Anthony Egner","REP",965,17.96,0,0,6,6,"83","0","1193","7","0","0"
28,"CITY OF HARRISON For Member of Council at Large (Vote For 3)","Carol Wiwi","",957,17.81,0,0,6,6,"83","0","1193","7","0","0"
29,"CITY OF HARRISON For Member of Council at Large (Vote For 3)","Joe Combs","",626,11.65,0,0,6,6,"83","0","1193","7","0","0"
30,"CITY OF HARRISON For Member of Council at Large (Vote For 3)","Ken Hetzer","",446,8.30,0,0,6,6,"83","0","1193","7","0","0"
31,"CITY OF MT HEALTHY For Mayor (Vote For 1)","James C. Wolf","DEM",711,100.00,0,0,4,4,"14","0","220","0","0","0"
32,"CITY OF MT HEALTHY For Member of Council at Large (Vote For 3)","Cordel George, Jr.","DEM",546,44.10,0,0,4,4,"154","0","1443","0","0","0"
33,"CITY OF MT HEALTHY For Member of Council at Large (Vote For 3)","Judy Petersen","REP",379,30.61,0,0,4,4,"154","0","1443","0","0","0"
34,"CITY OF MT HEALTHY For Member of Council at Large (Vote For 3)","Joe T. Roetting","",313,25.28,0,0,4,4,"154","0","1443","0","0","0"
35,"CITY OF NORWOOD For Mayor (Vote For 1)","Victor Schneider","REP",1536,41.94,0,0,12,12,"21","0","57","1","0","0"
36,"CITY OF NORWOOD For Mayor (Vote For 1)","Timothy W. Molony","DEM",1183,32.30,0,0,12,12,"21","0","57","1","0","0"
37,"CITY OF NORWOOD For Mayor (Vote For 1)","William E. DeLuca","",943,25.75,0,0,12,12,"21","0","57","1","0","0"
38,"CITY OF NORWOOD For President of Council (Vote For 1)","Ken Miracle","REP",1991,55.46,0,0,12,12,"22","0","128","1","0","0"
39,"CITY OF NORWOOD For President of Council (Vote For 1)","Jason Provins","DEM",1599,44.54,0,0,12,12,"22","0","128","1","0","0"
40,"CITY OF NORWOOD For Auditor (Vote For 1)","Jim Stith","REP",1820,51.18,0,0,12,12,"28","0","155","2","0","0"
41,"CITY OF NORWOOD For Auditor (Vote For 1)","Melissa K. Rankin","DEM",1736,48.82,0,0,12,12,"28","0","155","2","0","0"
42,"CITY OF NORWOOD For Director of Law (Vote For 1)","Keith D. Moore","DEM",1854,52.14,0,0,12,12,"24","0","159","2","0","0"
43,"CITY OF NORWOOD For Director of Law (Vote For 1)","Maria Williams","REP",1702,47.86,0,0,12,12,"24","0","159","2","0","0"
44,"CITY OF NORWOOD For Member of Council at Large (Vote For 3)","James Bonsall","DEM",1776,19.12,0,0,12,12,"321","1","1605","2","0","0"
45,"CITY OF NORWOOD For Member of Council at Large (Vote For 3)","Michael D. Gabbard","",1775,19.11,0,0,12,12,"321","1","1605","2","0","0"
46,"CITY OF NORWOOD For Member of Council at Large (Vote For 3)","Matthew Geraci","REP",1558,16.77,0,0,12,12,"321","1","1605","2","0","0"
47,"CITY OF NORWOOD For Member of Council at Large (Vote For 3)","Liam Shanahan","DEM",1540,16.58,0,0,12,12,"321","1","1605","2","0","0"
48,"CITY OF NORWOOD For Member of Council at Large (Vote For 3)","J. R. Breadon","REP",1342,14.45,0,0,12,12,"321","1","1605","2","0","0"
49,"CITY OF NORWOOD For Member of Council at Large (Vote For 3)","Danielle E. Black","DEM",1297,13.96,0,0,12,12,"321","1","1605","2","0","0"
50,"CITY OF NORWOOD For Member of Council (1st Ward) (Vote For 1)","Chris Kelsch","REP",392,50.39,0,0,3,3,"3","0","26","0","0","0"
51,"CITY OF NORWOOD For Member of Council (1st Ward) (Vote For 1)","Leslie Stevenson","DEM",386,49.61,0,0,3,3,"3","0","26","0","0","0"
52,"CITY OF NORWOOD For Member of Council (2nd Ward) (Vote For 1)","Eric S. DiNardo","REP",462,47.00,0,0,3,3,"2","0","26","2","0","0"
53,"CITY OF NORWOOD For Member of Council (2nd Ward) (Vote For 1)","Marilyn Hanrahan","DEM",461,46.90,0,0,3,3,"2","0","26","2","0","0"
54,"CITY OF NORWOOD For Member of Council (2nd Ward) (Vote For 1)","Timothy Joseph Scheidler","",60,6.10,0,0,3,3,"2","0","26","2","0","0"
55,"CITY OF NORWOOD For Member of Council (3rd Ward) (Vote For 1)","Eric Thompson","DEM",529,54.03,0,0,3,3,"6","0","31","0","0","0"
56,"CITY OF NORWOOD For Member of Council (3rd Ward) (Vote For 1)","Ryan Hart","REP",450,45.97,0,0,3,3,"6","0","31","0","0","0"
57,"CITY OF NORWOOD For Member of Council (4th Ward) (Vote For 1)","John Breadon","REP",481,55.61,0,0,3,3,"7","0","33","0","0","0"
58,"CITY OF NORWOOD For Member of Council (4th Ward) (Vote For 1)","Amy Wolfinbarger","DEM",384,44.39,0,0,3,3,"7","0","33","0","0","0"
59,"CITY OF READING For Mayor (Vote For 1)","Robert Paul Bemmes","REP",1239,100.00,0,0,8,8,"89","0","509","0","0","0"
60,"CITY OF READING For President of Council (Vote For 1)","Christopher Nesbitt","REP",1148,100.00,0,0,8,8,"104","0","585","0","0","0"
61,"CITY OF READING For Auditor (Vote For 1)","Sabrina A. Smith","REP",1253,100.00,0,0,8,8,"92","0","492","0","0","0"
62,"CITY OF READING For Director of Law (Vote For 1)","David T. Stevenson","REP",1200,100.00,0,0,8,8,"87","0","550","0","0","0"
63,"CITY OF READING For Member of Council at Large (Vote For 3)","Katie Eadicicco","",1134,24.67,0,0,8,8,"115","0","791","3","0","0"
64,"CITY OF READING For Member of Council at Large (Vote For 3)","Randy Fischesser","REP",988,21.50,0,0,8,8,"115","0","791","3","0","0"
65,"CITY OF READING For Member of Council at Large (Vote For 3)","Donald H. Lindeman","REP",907,19.73,0,0,8,8,"115","0","791","3","0","0"
66,"CITY OF READING For Member of Council at Large (Vote For 3)","Robert J. Ashbrock","REP",834,18.15,0,0,8,8,"115","0","791","3","0","0"
67,"CITY OF READING For Member of Council at Large (Vote For 3)","James A. Shelton","",733,15.95,0,0,8,8,"115","0","791","3","0","0"
68,"CITY OF READING For Member of Council (1st Ward) (Vote For 1)","David A. Powell","REP",246,100.00,0,0,2,2,"36","0","115","0","0","0"
69,"CITY OF READING For Member of Council (2nd Ward) (Vote For 1)","Anthony J. Gertz","REP",205,100.00,0,0,2,2,"24","0","120","0","0","0"
70,"CITY OF READING For Member of Council (3rd Ward) (Vote For 1)","Tom Lynd","REP",351,100.00,0,0,2,2,"11","0","135","0","0","0"
71,"CITY OF READING For Member of Council (4th Ward) (Vote For 1)","Dennis E. Albrinck","REP",405,100.00,0,0,2,2,"23","0","166","0","0","0"
72,"CITY OF SHARONVILLE For Mayor (Vote For 1)","Kevin M. Hardman","REP",1655,100.00,0,0,7,7,"98","0","643","0","0","0"
73,"CITY OF SHARONVILLE For President of Council (Vote For 1)","Vickie Hoppe","REP",1635,100.00,0,0,7,7,"99","0","662","0","0","0"
74,"CITY OF SHARONVILLE For Auditor (Vote For 1)","Ed Cunningham","REP",1627,100.00,0,0,7,7,"102","0","667","0","0","0"
75,"CITY OF SHARONVILLE For Director of Law (Vote For 1)","Mark Piepmeier","REP",1646,100.00,0,0,7,7,"88","0","662","0","0","0"
76,"CITY OF SHARONVILLE For Member of Council at Large (Vote For 3)","Sue Knight","",1482,37.13,0,0,7,7,"362","0","2835","0","0","0"
77,"CITY OF SHARONVILLE For Member of Council at Large (Vote For 3)","Mike Wilson","REP",1309,32.80,0,0,7,7,"362","0","2835","0","0","0"
78,"CITY OF SHARONVILLE For Member of Council at Large (Vote For 3)","Charles Lippert","REP",1200,30.07,0,0,7,7,"362","0","2835","0","0","0"
79,"CITY OF SHARONVILLE For Member of Council (1st Ward) (Vote For 1)","Shayok Dutta","REP",233,100.00,0,0,2,2,"19","0","122","0","0","0"
80,"CITY OF SHARONVILLE For Member of Council (2nd Ward) (Vote For 1)","Dave Koch","REP",281,100.00,0,0,1,1,"18","0","127","0","0","0"
81,"CITY OF SHARONVILLE For Member of Council (3rd Ward) (Vote For 1)","Paul J. Schmidt","REP",573,100.00,0,0,2,2,"38","0","239","0","0","0"
82,"CITY OF SHARONVILLE For Member of Council (4th Ward) (Vote For 1)","Robert D. Tankersley","REP",502,100.00,0,0,2,2,"22","0","222","0","0","0"
83,"VILLAGE OF CLEVES For Mayor (Vote For 1)","Stephen Myers","",402,100.00,0,0,2,2,"14","0","167","0","0","0"
84,"VILLAGE OF CLEVES For Member of Council (Vote For 2)","Geri A. Meister","",321,40.02,0,0,2,2,"29","0","335","0","0","0"
85,"VILLAGE OF CLEVES For Member of Council (Vote For 2)","Tricia Brady","",274,34.16,0,0,2,2,"29","0","335","0","0","0"
86,"VILLAGE OF CLEVES For Member of Council (Vote For 2)","Jeffrey D. Demaree","",207,25.81,0,0,2,2,"29","0","335","0","0","0"
87,"VILLAGE OF ELMWOOD PLACE For Mayor (Vote For 1)","Paul Edward Furnish","",158,65.83,0,0,1,1,"1","0","5","0","0","0"
88,"VILLAGE OF ELMWOOD PLACE For Mayor (Vote For 1)","William Wilson","",82,34.17,0,0,1,1,"1","0","5","0","0","0"
89,"VILLAGE OF ELMWOOD PLACE For Clerk-Treasurer (Vote For 1)","Nancy S. Riley","",192,100.00,0,0,1,1,"1","0","53","0","0","0"
90,"VILLAGE OF ELMWOOD PLACE For Member of Council (Vote For 2)","Thelma Swanson (W)","",63,57.27,0,0,1,1,"30","0","352","0","0","0"
91,"VILLAGE OF ELMWOOD PLACE For Member of Council (Vote For 2)","B. Otto Weaver (W)","",47,42.73,0,0,1,1,"30","0","352","0","0","0"
92,"VILLAGE OF GREENHILLS For Member of Council (Vote For 3)","Jeffrey T. Halter","REP",302,34.01,0,0,3,3,"76","0","722","0","0","0"
93,"VILLAGE OF GREENHILLS For Member of Council (Vote For 3)","Natashia M. Metz","REP",293,33.00,0,0,3,3,"76","0","722","0","0","0"
94,"VILLAGE OF GREENHILLS For Member of Council (Vote For 3)","Maria C. Waltherr","REP",293,33.00,0,0,3,3,"76","0","722","0","0","0"
95,"VILLAGE OF LOCKLAND For Member of Council (Vote For 2)","Shawn Brock","",148,83.62,0,0,2,2,"43","0","242","0","0","0"
96,"VILLAGE OF LOCKLAND For Member of Council (Vote For 2)","Brian Pittman","",29,16.38,0,0,2,2,"43","0","242","0","0","0"
97,"VILLAGE OF SILVERTON For Member of Council at Large (Vote For 3)","Dottie Williams","DEM",617,38.32,0,0,3,3,"168","0","814","0","0","0"
98,"VILLAGE OF SILVERTON For Member of Council at Large (Vote For 3)","Franklin D. Wilson","DEM",528,32.80,0,0,3,3,"168","0","814","0","0","0"
99,"VILLAGE OF SILVERTON For Member of Council at Large (Vote For 3)","Mark J. Quarry","",465,28.88,0,0,3,3,"168","0","814","0","0","0"
100,"For Judge of Hamilton County Municipal Court  District 1 (Full term commencing 01-05-2020) (Vote For 1)","Dwane Mallory","",7456,100.00,0,0,54,54,"375","0","2046","0","0","0"
101,"For Judge of Hamilton County Municipal Court  District 1 (Unexpired term ending 01-02-2024) (Vote For 1)","Janaya Trotter Bratton","",6657,75.58,0,0,54,54,"180","0","875","14","0","0"
102,"For Judge of Hamilton County Municipal Court  District 1 (Unexpired term ending 01-02-2024) (Vote For 1)","Elisa Murphy","",2151,24.42,0,0,54,54,"180","0","875","14","0","0"
103,"For Judge of Hamilton County Municipal Court  District 2 (Full term commencing 01-05-2020) (Vote For 1)","Tyrone K. Yates","",13876,74.48,0,0,74,74,"187","2","1443","15","0","0"
104,"For Judge of Hamilton County Municipal Court  District 2 (Full term commencing 01-05-2020) (Vote For 1)","John K. Coleman","",4754,25.52,0,0,74,74,"187","2","1443","15","0","0"
105,"For Judge of Hamilton County Municipal Court  District 3 (Full term commencing 01-05-2020) (Vote For 1)","Ted Berry","",16462,100.00,0,0,83,83,"745","0","5763","0","0","0"
106,"For Judge of Hamilton County Municipal Court  District 4 (Full term commencing 01-05-2020) (Vote For 1)","Josh Berkowitz","",15976,56.76,0,0,87,87,"491","2","3691","8","0","0"
107,"For Judge of Hamilton County Municipal Court  District 4 (Full term commencing 01-05-2020) (Vote For 1)","John Kennedy","",12172,43.24,0,0,87,87,"491","2","3691","8","0","0"
108,"For Judge of Hamilton County Municipal Court  District 5 (Full term commencing 01-05-2020) (Vote For 1)","Heather S. Russell","",18308,63.31,0,0,107,107,"700","4","5415","37","0","0"
109,"For Judge of Hamilton County Municipal Court  District 5 (Full term commencing 01-05-2020) (Vote For 1)","Kari L. Bloom","",10611,36.69,0,0,107,107,"700","4","5415","37","0","0"
110,"For Judge of Hamilton County Municipal Court  District 6 (Full term commencing 01-05-2020) (Vote For 1)","Mike Peck","",19187,72.29,0,0,87,87,"304","1","3007","13","0","0"
111,"For Judge of Hamilton County Municipal Court  District 6 (Full term commencing 01-05-2020) (Vote For 1)","Arica Underwood","",7355,27.71,0,0,87,87,"304","1","3007","13","0","0"
112,"For Judge of Hamilton County Municipal Court  District 7 (Full term commencing 01-05-2020) (Vote For 1)","Gwen Bender","",12012,100.00,0,0,71,71,"770","0","5661","0","0","0"
113,"CITY OF BLUE ASH For Member of Council at Large B (Vote For 1)","Nikki Yasbeck-Schwieter","",1667,53.48,0,0,11,11,"67","2","594","3","0","0"
114,"CITY OF BLUE ASH For Member of Council at Large B (Vote For 1)","Lonnie L. Bowling, Jr.","",1450,46.52,0,0,11,11,"67","2","594","3","0","0"
115,"CITY OF BLUE ASH For Member of Council (1st Ward) (Vote For 1)","Katie E. Schneider","",290,55.66,0,0,2,2,"7","0","36","0","0","0"
116,"CITY OF BLUE ASH For Member of Council (1st Ward) (Vote For 1)","Linda E. Bauer","",231,44.34,0,0,2,2,"7","0","36","0","0","0"
117,"CITY OF BLUE ASH For Member of Council (3rd Ward) (Vote For 1)","Pramod S. Jhaveri","",526,50.77,0,0,2,2,"8","0","64","1","0","0"
118,"CITY OF BLUE ASH For Member of Council (3rd Ward) (Vote For 1)","Joe Hoelker","",510,49.23,0,0,2,2,"8","0","64","1","0","0"
119,"CITY OF BLUE ASH For Member of Council (5th Ward) (Vote For 1)","Marc Sirkin","",539,100.00,0,0,2,2,"28","0","164","0","0","0"
120,"CITY OF FOREST PARK For Member of Council at Large (Vote For 3)","Denise Holt","",1799,29.77,0,0,13,13,"177","0","1432","2","0","0"
121,"CITY OF FOREST PARK For Member of Council at Large (Vote For 3)","Aharon Brown","",1639,27.12,0,0,13,13,"177","0","1432","2","0","0"
122,"CITY OF FOREST PARK For Member of Council at Large (Vote For 3)","Reggie Sylvester","",1574,26.04,0,0,13,13,"177","0","1432","2","0","0"
123,"CITY OF FOREST PARK For Member of Council at Large (Vote For 3)","Christina Alycia Ingle","",589,9.75,0,0,13,13,"177","0","1432","2","0","0"
124,"CITY OF FOREST PARK For Member of Council at Large (Vote For 3)","Matthew J. Robinson","",402,6.65,0,0,13,13,"177","0","1432","2","0","0"
125,"CITY OF FOREST PARK For Member of Council at Large (Vote For 3)","Regina A. Collins","",41,0.68,0,0,13,13,"177","0","1432","2","0","0"
126,"CITY OF INDIAN HILL For Member of Council at Large (Vote For 7)","Stephen H. Krehbiel","",951,14.32,0,0,6,6,"376","1","2643","4","0","0"
127,"CITY OF INDIAN HILL For Member of Council at Large (Vote For 7)","Melissa Skidmore Cowan","",922,13.88,0,0,6,6,"376","1","2643","4","0","0"
128,"CITY OF INDIAN HILL For Member of Council at Large (Vote For 7)","Monique A. Sewell","",919,13.84,0,0,6,6,"376","1","2643","4","0","0"
129,"CITY OF INDIAN HILL For Member of Council at Large (Vote For 7)","Elizabeth Cassin Isphording","",908,13.67,0,0,6,6,"376","1","2643","4","0","0"
130,"CITY OF INDIAN HILL For Member of Council at Large (Vote For 7)","Donald C. McGraw","",863,13.00,0,0,6,6,"376","1","2643","4","0","0"
131,"CITY OF INDIAN HILL For Member of Council at Large (Vote For 7)","Shayne Manning","",803,12.09,0,0,6,6,"376","1","2643","4","0","0"
132,"CITY OF INDIAN HILL For Member of Council at Large (Vote For 7)","Richard J. Hidy","",798,12.02,0,0,6,6,"376","1","2643","4","0","0"
133,"CITY OF INDIAN HILL For Member of Council at Large (Vote For 7)","David Francis Turner","",477,7.18,0,0,6,6,"376","1","2643","4","0","0"
134,"CITY OF LOVELAND For Member of Council at Large (Vote For 3)","Kathy Bailey","",1886,26.60,0,0,7,7,"243","2","2697","0","0","0"
135,"CITY OF LOVELAND For Member of Council at Large (Vote For 3)","Andy Bateman","",1531,21.60,0,0,7,7,"243","2","2697","0","0","0"
136,"CITY OF LOVELAND For Member of Council at Large (Vote For 3)","Kent G. Blair","",1321,18.63,0,0,7,7,"243","2","2697","0","0","0"
137,"CITY OF LOVELAND For Member of Council at Large (Vote For 3)","Angela L. Settell","",950,13.40,0,0,7,7,"243","2","2697","0","0","0"
138,"CITY OF LOVELAND For Member of Council at Large (Vote For 3)","Pat Ahr","",884,12.47,0,0,7,7,"243","2","2697","0","0","0"
139,"CITY OF LOVELAND For Member of Council at Large (Vote For 3)","Cory O'Donnell","",517,7.29,0,0,7,7,"243","2","2697","0","0","0"
140,"CITY OF MADEIRA For Member of Council at Large (Vote For 3)","Tom Henning","",1462,27.03,0,0,8,8,"239","0","1576","0","0","0"
141,"CITY OF MADEIRA For Member of Council at Large (Vote For 3)","Scott Gehring","",1457,26.94,0,0,8,8,"239","0","1576","0","0","0"
142,"CITY OF MADEIRA For Member of Council at Large (Vote For 3)","Chris Hilberg","",1451,26.83,0,0,8,8,"239","0","1576","0","0","0"
143,"CITY OF MADEIRA For Member of Council at Large (Vote For 3)","Barbara Holwadel","",1039,19.21,0,0,8,8,"239","0","1576","0","0","0"
144,"CITY OF MILFORD For Member of Council at Large (Vote For 4)","Sandra K. Russell","",4,36.36,0,0,3,3,"0","0","9","0","0","0"
145,"CITY OF MILFORD For Member of Council at Large (Vote For 4)","Benjamin E. Redman","",3,27.27,0,0,3,3,"0","0","9","0","0","0"
146,"CITY OF MILFORD For Member of Council at Large (Vote For 4)","Ted Haskins","",2,18.18,0,0,3,3,"0","0","9","0","0","0"
147,"CITY OF MILFORD For Member of Council at Large (Vote For 4)","Kyle Mitchell","",2,18.18,0,0,3,3,"0","0","9","0","0","0"
148,"CITY OF MONTGOMERY For Member of Council at Large (Vote For 3)","Craig Margolis","",2281,26.95,0,0,9,9,"542","1","3606","0","0","0"
149,"CITY OF MONTGOMERY For Member of Council at Large (Vote For 3)","Gerri Harbison","",2202,26.02,0,0,9,9,"542","1","3606","0","0","0"
150,"CITY OF MONTGOMERY For Member of Council at Large (Vote For 3)","Mike Cappel","",2099,24.80,0,0,9,9,"542","1","3606","0","0","0"
151,"CITY OF MONTGOMERY For Member of Council at Large (Vote For 3)","Steven J. Silverman","",1155,13.65,0,0,9,9,"542","1","3606","0","0","0"
152,"CITY OF MONTGOMERY For Member of Council at Large (Vote For 3)","Jeremiah R. Seebohm","",727,8.59,0,0,9,9,"542","1","3606","0","0","0"
153,"CITY OF NORTH COLLEGE HILL For Mayor (Vote For 1)","Tracie Nichols","",823,52.49,0,0,7,7,"19","0","36","1","0","0"
154,"CITY OF NORTH COLLEGE HILL For Mayor (Vote For 1)","Mary Jo Anna Zorb","",745,47.51,0,0,7,7,"19","0","36","1","0","0"
155,"CITY OF NORTH COLLEGE HILL For Member of Council at Large (Vote For 3)","Elizabeth Joy Hartman","",901,39.36,0,0,7,7,"287","0","2296","0","0","0"
156,"CITY OF NORTH COLLEGE HILL For Member of Council at Large (Vote For 3)","Christian Thaddaeus Hedger","",727,31.76,0,0,7,7,"287","0","2296","0","0","0"
157,"CITY OF NORTH COLLEGE HILL For Member of Council at Large (Vote For 3)","Matt Miller-Novak","",661,28.88,0,0,7,7,"287","0","2296","0","0","0"
158,"CITY OF SPRINGDALE For Mayor (Vote For 1)","Doyle H. Webster","",995,43.58,0,0,8,8,"12","0","65","1","0","0"
159,"CITY OF SPRINGDALE For Mayor (Vote For 1)","Daniel M. Shroyer","",921,40.34,0,0,8,8,"12","0","65","1","0","0"
160,"CITY OF SPRINGDALE For Mayor (Vote For 1)","William A. Cassedy, Jr.","",367,16.08,0,0,8,8,"12","0","65","1","0","0"
161,"CITY OF SPRINGDALE For Clerk-Finance Director (Vote For 1)","Kathy McNear","",1659,100.00,0,0,8,8,"89","0","613","0","0","0"
162,"CITY OF SPRINGDALE For Member of Council at Large (Vote For 3)","Lawrence C. Hawkins III","",1044,19.69,0,0,8,8,"236","0","1535","3","0","0"
163,"CITY OF SPRINGDALE For Member of Council at Large (Vote For 3)","Carolyn Ghantous","",934,17.61,0,0,8,8,"236","0","1535","3","0","0"
164,"CITY OF SPRINGDALE For Member of Council at Large (Vote For 3)","Joseph Ramirez","",904,17.05,0,0,8,8,"236","0","1535","3","0","0"
165,"CITY OF SPRINGDALE For Member of Council at Large (Vote For 3)","Victoria Morgan","",842,15.88,0,0,8,8,"236","0","1535","3","0","0"
166,"CITY OF SPRINGDALE For Member of Council at Large (Vote For 3)","Steve Galster","",838,15.80,0,0,8,8,"236","0","1535","3","0","0"
167,"CITY OF SPRINGDALE For Member of Council at Large (Vote For 3)","Bill Turner","",448,8.45,0,0,8,8,"236","0","1535","3","0","0"
168,"CITY OF SPRINGDALE For Member of Council at Large (Vote For 3)","Mick G. Higgins","",293,5.53,0,0,8,8,"236","0","1535","3","0","0"
169,"CITY OF WYOMING For Member of Council at Large (Vote For 7)","Thaddeus Hoffmeister","",1717,13.65,0,0,5,5,"608","0","5563","2","0","0"
170,"CITY OF WYOMING For Member of Council at Large (Vote For 7)","Sarah Stankorb Taylor","",1640,13.04,0,0,5,5,"608","0","5563","2","0","0"
171,"CITY OF WYOMING For Member of Council at Large (Vote For 7)","Albert Delgado","",1609,12.80,0,0,5,5,"608","0","5563","2","0","0"
172,"CITY OF WYOMING For Member of Council at Large (Vote For 7)","Nancy J. Averett","",1505,11.97,0,0,5,5,"608","0","5563","2","0","0"
173,"CITY OF WYOMING For Member of Council at Large (Vote For 7)","James T. O'Reilly","",1323,10.52,0,0,5,5,"608","0","5563","2","0","0"
174,"CITY OF WYOMING For Member of Council at Large (Vote For 7)","Zachary Green","",1258,10.00,0,0,5,5,"608","0","5563","2","0","0"
175,"CITY OF WYOMING For Member of Council at Large (Vote For 7)","Jeffrey H. LeRoy","",1256,9.99,0,0,5,5,"608","0","5563","2","0","0"
176,"CITY OF WYOMING For Member of Council at Large (Vote For 7)","Barry S. Porter","",1155,9.18,0,0,5,5,"608","0","5563","2","0","0"
177,"CITY OF WYOMING For Member of Council at Large (Vote For 7)","Jenni McCauley","",1112,8.84,0,0,5,5,"608","0","5563","2","0","0"
178,"VILLAGE OF ADDYSTON For Mayor (Vote For 1)","Lisa Mear","",102,100.00,0,0,1,1,"3","0","28","0","0","0"
179,"VILLAGE OF ADDYSTON For Clerk (Vote For 1)","Margaret A. Dozier","",98,100.00,0,0,1,1,"4","0","31","0","0","0"
180,"VILLAGE OF ADDYSTON For Member of Council (Vote For 2)","Daniel L. Pillow","",65,28.51,0,0,1,1,"1","0","37","0","0","0"
181,"VILLAGE OF ADDYSTON For Member of Council (Vote For 2)","Lisa R. Stafford","",63,27.63,0,0,1,1,"1","0","37","0","0","0"
182,"VILLAGE OF ADDYSTON For Member of Council (Vote For 2)","Pamela S. Jackson","",55,24.12,0,0,1,1,"1","0","37","0","0","0"
183,"VILLAGE OF ADDYSTON For Member of Council (Vote For 2)","James Jason Fry","",45,19.74,0,0,1,1,"1","0","37","0","0","0"
184,"VILLAGE OF ADDYSTON For Member of Board of Trustees of Public Affairs (Vote For 1)","Karen Jackson","",87,100.00,0,0,1,1,"3","0","43","0","0","0"
185,"VILLAGE OF AMBERLEY For Member of Council (District A) (Vote For 1)","Edward Hattenbach","",686,56.98,0,0,4,4,"19","0","191","0","0","0"
186,"VILLAGE OF AMBERLEY For Member of Council (District A) (Vote For 1)","Monica Dolores Lira","",518,43.02,0,0,4,4,"19","0","191","0","0","0"
187,"VILLAGE OF AMBERLEY For Member of Council (District B) (Vote For 1)","Natalie Wolf","",804,100.00,0,0,4,4,"65","0","545","0","0","0"
188,"VILLAGE OF AMBERLEY For Member of Council (District C) (Vote For 1)","Thomas C. Muething","",839,100.00,0,0,4,4,"72","0","503","0","0","0"
189,"VILLAGE OF AMBERLEY For Member of Council (District D) (Vote For 1)","Ray Warren","",779,100.00,0,0,4,4,"76","0","559","0","0","0"
190,"VILLAGE OF AMBERLEY For Member of Council (District E) (Vote For 1)","Richard Bardach","",722,100.00,0,0,4,4,"82","0","610","0","0","0"
191,"VILLAGE OF AMBERLEY For Member of Council at Large (Vote For 2)","Elida Kamine","",819,32.73,0,0,4,4,"39","1","285","0","0","0"
192,"VILLAGE OF AMBERLEY For Member of Council at Large (Vote For 2)","Peg Conway","",732,29.26,0,0,4,4,"39","1","285","0","0","0"
193,"VILLAGE OF AMBERLEY For Member of Council at Large (Vote For 2)","Steve Cushard","",477,19.06,0,0,4,4,"39","1","285","0","0","0"
194,"VILLAGE OF AMBERLEY For Member of Council at Large (Vote For 2)","Colin Driscoll","",474,18.94,0,0,4,4,"39","1","285","0","0","0"
195,"VILLAGE OF ARLINGTON HEIGHTS For Mayor (Vote For 1)","Steven Crase","",83,100.00,0,0,1,1,"8","0","24","0","0","0"
196,"VILLAGE OF ARLINGTON HEIGHTS For Member of Council (Vote For 2)","Ana M. Gil","",76,39.79,0,0,1,1,"8","0","31","0","0","0"
197,"VILLAGE OF ARLINGTON HEIGHTS For Member of Council (Vote For 2)","Meroline McLemore","",64,33.51,0,0,1,1,"8","0","31","0","0","0"
198,"VILLAGE OF ARLINGTON HEIGHTS For Member of Council (Vote For 2)","LeTecia J. Cunningham","",51,26.70,0,0,1,1,"8","0","31","0","0","0"
199,"VILLAGE OF EVENDALE For Mayor (Vote For 1)","Richard H. Finan","",835,65.39,0,0,3,3,"0","0","26","0","0","0"
200,"VILLAGE OF EVENDALE For Mayor (Vote For 1)","Christian J. Schaefer","",442,34.61,0,0,3,3,"0","0","26","0","0","0"
201,"VILLAGE OF EVENDALE For Member of Council (Vote For 3)","Beth McDaniel","",818,26.46,0,0,3,3,"131","0","678","3","0","0"
202,"VILLAGE OF EVENDALE For Member of Council (Vote For 3)","Jeff Albrinck","",753,24.36,0,0,3,3,"131","0","678","3","0","0"
203,"VILLAGE OF EVENDALE For Member of Council (Vote For 3)","Thomas Patrick Sextro","",700,22.65,0,0,3,3,"131","0","678","3","0","0"
204,"VILLAGE OF EVENDALE For Member of Council (Vote For 3)","Wanda L. Walker-Smith","",428,13.85,0,0,3,3,"131","0","678","3","0","0"
205,"VILLAGE OF EVENDALE For Member of Council (Vote For 3)","Diane Cunningham Redden","",392,12.68,0,0,3,3,"131","0","678","3","0","0"
206,"VILLAGE OF FAIRFAX For Mayor (Vote For 1)","Carson L. Shelton","",223,54.66,0,0,1,1,"0","0","6","0","0","0"
207,"VILLAGE OF FAIRFAX For Mayor (Vote For 1)","Barbara E. Blankemeyer","",118,28.92,0,0,1,1,"0","0","6","0","0","0"
208,"VILLAGE OF FAIRFAX For Mayor (Vote For 1)","Walter Raines","",67,16.42,0,0,1,1,"0","0","6","0","0","0"
209,"VILLAGE OF FAIRFAX For Member of Council (Vote For 2)","Sharon R. Lally","",206,31.12,0,0,1,1,"8","0","156","1","0","0"
210,"VILLAGE OF FAIRFAX For Member of Council (Vote For 2)","Robert M. Ernst","",135,20.39,0,0,1,1,"8","0","156","1","0","0"
211,"VILLAGE OF FAIRFAX For Member of Council (Vote For 2)","Kevin S. Erickson","",128,19.34,0,0,1,1,"8","0","156","1","0","0"
212,"VILLAGE OF FAIRFAX For Member of Council (Vote For 2)","Janice Arthur","",98,14.80,0,0,1,1,"8","0","156","1","0","0"
213,"VILLAGE OF FAIRFAX For Member of Council (Vote For 2)","Bryce Storm","",95,14.35,0,0,1,1,"8","0","156","1","0","0"
214,"VILLAGE OF GLENDALE For Mayor (Vote For 1)","Donald A. Lofty","",707,100.00,0,0,2,2,"25","0","192","0","0","0"
215,"VILLAGE OF GLENDALE For Member of Council (Vote For 2)","Marilyn A. Duke","",604,39.63,0,0,2,2,"31","1","291","0","0","0"
216,"VILLAGE OF GLENDALE For Member of Council (Vote For 2)","Debbie Grueninger","",477,31.30,0,0,2,2,"31","1","291","0","0","0"
217,"VILLAGE OF GLENDALE For Member of Council (Vote For 2)","Joan Verchot","",443,29.07,0,0,2,2,"31","1","291","0","0","0"
218,"VILLAGE OF GOLF MANOR For Mayor (Vote For 1)","Stefan C. Densmore","",440,100.00,0,0,2,2,"24","0","159","0","0","0"
219,"VILLAGE OF GOLF MANOR For Member of Council (Vote For 2)","Danny Kneipp","",336,51.38,0,0,2,2,"81","0","511","0","0","0"
220,"VILLAGE OF GOLF MANOR For Member of Council (Vote For 2)","Roger D. Van Harn","",318,48.62,0,0,2,2,"81","0","511","0","0","0"
221,"VILLAGE OF GOLF MANOR For Member of Council (Unexpired term ending 12-12-2021) (Vote For 1)","Eric M. Pridonoff","",404,100.00,0,0,2,2,"32","0","187","0","0","0"
222,"VILLAGE OF LINCOLN HEIGHTS For Member of Council (Vote For 3)","Ruby Kinsey-Mumphrey","",334,46.39,0,0,2,2,"77","0","532","0","0","0"
223,"VILLAGE OF LINCOLN HEIGHTS For Member of Council (Vote For 3)","Kathy Goodwin-Williams","",224,31.11,0,0,2,2,"77","0","532","0","0","0"
224,"VILLAGE OF LINCOLN HEIGHTS For Member of Council (Vote For 3)","Phyllis Jean Baber","",162,22.50,0,0,2,2,"77","0","532","0","0","0"
225,"VILLAGE OF MARIEMONT For Mayor (Vote For 1)","Bill Brown","",620,100.00,0,0,2,2,"19","0","159","0","0","0"
226,"VILLAGE OF MARIEMONT For Member of Council (Vote For 2)","Marcy Lewis","",564,43.38,0,0,2,2,"46","0","250","0","0","0"
227,"VILLAGE OF MARIEMONT For Member of Council (Vote For 2)","Kelly I. Rankin","",561,43.15,0,0,2,2,"46","0","250","0","0","0"
228,"VILLAGE OF MARIEMONT For Member of Council (Vote For 2)","Michael J. Cain","",175,13.46,0,0,2,2,"46","0","250","0","0","0"
229,"VILLAGE OF NEWTOWN For Mayor (Vote For 1)","Mark Kobasuk","",549,73.69,0,0,2,2,"2","0","22","1","0","0"
230,"VILLAGE OF NEWTOWN For Mayor (Vote For 1)","Curt Tiettmeyer","",196,26.31,0,0,2,2,"2","0","22","1","0","0"
231,"VILLAGE OF NEWTOWN For Member of Council (Vote For 2)","Chuck Short","",453,52.98,0,0,2,2,"67","0","618","0","0","0"
232,"VILLAGE OF NEWTOWN For Member of Council (Vote For 2)","Daryl L. Zornes","",402,47.02,0,0,2,2,"67","0","618","0","0","0"
233,"VILLAGE OF NORTH BEND For Mayor (Vote For 1)","Douglas M. Sammons, Sr.","",217,100.00,0,0,1,1,"13","0","80","0","0","0"
234,"VILLAGE OF NORTH BEND For Member of Council (Vote For 2)","David L. Moorman","",200,51.95,0,0,1,1,"29","0","206","0","0","0"
235,"VILLAGE OF NORTH BEND For Member of Council (Vote For 2)","Frances R. Romweber","",185,48.05,0,0,1,1,"29","0","206","0","0","0"
236,"VILLAGE OF ST BERNARD For Mayor (Vote For 1)","Jonathan L. Stuchell","",612,55.14,0,0,4,4,"5","0","21","3","0","0"
237,"VILLAGE OF ST BERNARD For Mayor (Vote For 1)","Bill Burkhardt","",325,29.28,0,0,4,4,"5","0","21","3","0","0"
238,"VILLAGE OF ST BERNARD For Mayor (Vote For 1)","Jay Hausfeld","",129,11.62,0,0,4,4,"5","0","21","3","0","0"
239,"VILLAGE OF ST BERNARD For Mayor (Vote For 1)","Mikelluv J. Williams","",44,3.96,0,0,4,4,"5","0","21","3","0","0"
240,"VILLAGE OF ST BERNARD For Vice Mayor and President of Council (Vote For 1)","Steve Asbach","",816,100.00,0,0,4,4,"28","0","295","0","0","0"
241,"VILLAGE OF ST BERNARD For Auditor (Vote For 1)","Peggy Brickweg","",734,70.17,0,0,4,4,"6","0","87","0","0","0"
242,"VILLAGE OF ST BERNARD For Auditor (Vote For 1)","Mark J. Auer","",312,29.83,0,0,4,4,"6","0","87","0","0","0"
243,"VILLAGE OF ST BERNARD For Director of Law (Vote For 1)","Valerie L. Van Valkenburg-Walden","",712,100.00,0,0,4,4,"44","0","383","0","0","0"
244,"VILLAGE OF ST BERNARD For Member of Council at Large (Vote For 3)","Cindi Bedinghaus","",648,24.57,0,0,4,4,"51","0","717","4","0","0"
245,"VILLAGE OF ST BERNARD For Member of Council at Large (Vote For 3)","Patty Hausfeld","",565,21.43,0,0,4,4,"51","0","717","4","0","0"
246,"VILLAGE OF ST BERNARD For Member of Council at Large (Vote For 3)","Bob Culbertson","",560,21.24,0,0,4,4,"51","0","717","4","0","0"
247,"VILLAGE OF ST BERNARD For Member of Council at Large (Vote For 3)","John E. Metz","",438,16.61,0,0,4,4,"51","0","717","4","0","0"
248,"VILLAGE OF ST BERNARD For Member of Council at Large (Vote For 3)","Nicole R. Klungle","",426,16.15,0,0,4,4,"51","0","717","4","0","0"
249,"VILLAGE OF ST BERNARD For Member of Council (1st Ward) (Vote For 1)","Alan Siefert","",208,100.00,0,0,1,1,"10","0","79","0","0","0"
250,"VILLAGE OF ST BERNARD For Member of Council (2nd Ward) (Vote For 1)","Ray Culbertson","",198,100.00,0,0,1,1,"14","0","80","0","0","0"
251,"VILLAGE OF ST BERNARD For Member of Council (3rd Ward) (Vote For 1)","Donald Tobergte","",211,100.00,0,0,1,1,"8","0","74","0","0","0"
252,"VILLAGE OF ST BERNARD For Member of Council (4th Ward) (Vote For 1)","Christopher Schildmeyer","",179,100.00,0,0,1,1,"1","0","77","0","0","0"
253,"VILLAGE OF TERRACE PARK For Mayor (Vote For 1)","Tom Tepe, Jr.","",356,100.00,0,0,2,2,"10","0","68","0","0","0"
254,"VILLAGE OF TERRACE PARK For Member of Council (Vote For 2)","John A. Gaskey","",325,51.02,0,0,2,2,"24","0","207","0","0","0"
255,"VILLAGE OF TERRACE PARK For Member of Council (Vote For 2)","Pax J. Lindell","",312,48.98,0,0,2,2,"24","0","207","0","0","0"
256,"VILLAGE OF WOODLAWN For Mayor (Vote For 1)","Brian K. Poole","",450,64.47,0,0,2,2,"6","0","12","0","0","0"
257,"VILLAGE OF WOODLAWN For Mayor (Vote For 1)","Mary L. Hill","",248,35.53,0,0,2,2,"6","0","12","0","0","0"
258,"VILLAGE OF WOODLAWN For Member of Council (Vote For 3)","Kiana R. Trabue","",534,30.96,0,0,2,2,"77","0","343","1","0","0"
259,"VILLAGE OF WOODLAWN For Member of Council (Vote For 3)","Rosemary Brown","",369,21.39,0,0,2,2,"77","0","343","1","0","0"
260,"VILLAGE OF WOODLAWN For Member of Council (Vote For 3)","Esther Brown Boyd","",326,18.90,0,0,2,2,"77","0","343","1","0","0"
261,"VILLAGE OF WOODLAWN For Member of Council (Vote For 3)","Michelle G. Brown","",318,18.43,0,0,2,2,"77","0","343","1","0","0"
262,"VILLAGE OF WOODLAWN For Member of Council (Vote For 3)","Bersetha Ranson","",178,10.32,0,0,2,2,"77","0","343","1","0","0"
263,"TOWNSHIP OF ANDERSON For Township Trustee (Vote For 1)","Dee Stone","",7750,58.35,0,0,32,32,"127","2","1590","6","0","0"
264,"TOWNSHIP OF ANDERSON For Township Trustee (Vote For 1)","Marcus L. Thompson","",5533,41.65,0,0,32,32,"127","2","1590","6","0","0"
265,"TOWNSHIP OF ANDERSON For Township Fiscal Officer (Vote For 1)","Ken Dietz","",9846,100.00,0,0,32,32,"638","0","4524","0","0","0"
266,"TOWNSHIP OF COLERAIN For Township Trustee (Vote For 1)","Matt Wahlert","",5023,40.47,0,0,38,38,"95","12","1514","103","0","0"
267,"TOWNSHIP OF COLERAIN For Township Trustee (Vote For 1)","Joseph R. Wolterman","",3646,29.37,0,0,38,38,"95","12","1514","103","0","0"
268,"TOWNSHIP OF COLERAIN For Township Trustee (Vote For 1)","Todd L. Allen","",2774,22.35,0,0,38,38,"95","12","1514","103","0","0"
269,"TOWNSHIP OF COLERAIN For Township Trustee (Vote For 1)","Kylen R. Peck","",970,7.81,0,0,38,38,"95","12","1514","103","0","0"
270,"TOWNSHIP OF COLERAIN For Township Fiscal Officer (Vote For 1)","Jeff Baker","",7284,61.87,0,0,38,38,"187","0","2161","15","0","0"
271,"TOWNSHIP OF COLERAIN For Township Fiscal Officer (Vote For 1)","Emily Rentschler","",4490,38.13,0,0,38,38,"187","0","2161","15","0","0"
272,"TOWNSHIP OF COLUMBIA For Township Trustee (Vote For 1)","Chris Kritikos","",568,100.00,0,0,9,9,"55","0","229","0","0","0"
273,"TOWNSHIP OF COLUMBIA For Township Fiscal Officer (Vote For 1)","Caroline Heekin","",597,100.00,0,0,9,9,"51","0","204","0","0","0"
274,"TOWNSHIP OF CROSBY For Township Trustee (Vote For 1)","Doug Lohman","",367,42.28,0,0,3,3,"7","2","125","5","0","0"
275,"TOWNSHIP OF CROSBY For Township Trustee (Vote For 1)","Chuck Heis","",177,20.39,0,0,3,3,"7","2","125","5","0","0"
276,"TOWNSHIP OF CROSBY For Township Trustee (Vote For 1)","Walter George Schunk","",176,20.28,0,0,3,3,"7","2","125","5","0","0"
277,"TOWNSHIP OF CROSBY For Township Trustee (Vote For 1)","Craig Paul","",148,17.05,0,0,3,3,"7","2","125","5","0","0"
278,"TOWNSHIP OF CROSBY For Township Fiscal Officer (Vote For 1)","Matthew C. Wallace","",672,100.00,0,0,3,3,"27","0","308","0","0","0"
279,"TOWNSHIP OF DELHI For Township Trustee (Vote For 1)","Rose K. Stertz","",2997,58.17,0,0,19,19,"42","1","201","5","0","0"
280,"TOWNSHIP OF DELHI For Township Trustee (Vote For 1)","Daniel Brown","",2155,41.83,0,0,19,19,"42","1","201","5","0","0"
281,"TOWNSHIP OF DELHI For Township Fiscal Officer (Vote For 1)","Jim Luebbe","",4047,100.00,0,0,19,19,"168","0","1186","0","0","0"
282,"TOWNSHIP OF GREEN For Township Trustee (Vote For 1)","Tony Rosiello","",9033,73.77,0,0,43,43,"130","3","1222","7","0","0"
283,"TOWNSHIP OF GREEN For Township Trustee (Vote For 1)","John M. Campolongo","",3211,26.23,0,0,43,43,"130","3","1222","7","0","0"
284,"TOWNSHIP OF GREEN For Township Fiscal Officer (Vote For 1)","Tom Straus","",10181,100.00,0,0,43,43,"451","0","2974","0","0","0"
285,"TOWNSHIP OF HARRISON For Township Trustee (Vote For 1)","William Noes","",1235,54.19,0,0,8,8,"24","0","356","3","0","0"
286,"TOWNSHIP OF HARRISON For Township Trustee (Vote For 1)","Kenneth W. Fohl","",1044,45.81,0,0,8,8,"24","0","356","3","0","0"
287,"TOWNSHIP OF HARRISON For Township Fiscal Officer (Vote For 1)","Richard J. Dole","",1790,100.00,0,0,8,8,"79","0","793","0","0","0"
288,"TOWNSHIP OF MIAMI For Township Trustee (Vote For 1)","Jack E. Rininger","",1931,57.76,0,0,12,12,"61","4","536","6","0","0"
289,"TOWNSHIP OF MIAMI For Township Trustee (Vote For 1)","John W. Kerth","",1402,41.94,0,0,12,12,"61","4","536","6","0","0"
290,"TOWNSHIP OF MIAMI For Township Trustee (Vote For 1)","Debbie Wilson","",10,0.30,0,0,12,12,"61","4","536","6","0","0"
291,"TOWNSHIP OF MIAMI For Township Fiscal Officer (Vote For 1)","Cindy L. Oser","",2754,100.00,0,0,12,12,"145","0","1051","0","0","0"
292,"TOWNSHIP OF SPRINGFIELD For Township Trustee (Vote For 1)","Kristie Dukes Davis","",4276,54.40,0,0,28,28,"91","0","597","9","0","0"
293,"TOWNSHIP OF SPRINGFIELD For Township Trustee (Vote For 1)","Jamie Rea","",3584,45.60,0,0,28,28,"91","0","597","9","0","0"
294,"TOWNSHIP OF SPRINGFIELD For Township Fiscal Officer (Vote For 1)","Dan J. Berning","",5344,100.00,0,0,28,28,"383","0","2830","0","0","0"
295,"TOWNSHIP OF SYCAMORE For Township Trustee (Vote For 1)","Tom James","",2328,53.21,0,0,14,14,"68","0","197","5","0","0"
296,"TOWNSHIP OF SYCAMORE For Township Trustee (Vote For 1)","Dennis W. Connor","",2047,46.79,0,0,14,14,"68","0","197","5","0","0"
297,"TOWNSHIP OF SYCAMORE For Township Fiscal Officer (Vote For 1)","Rob Porter","",2316,57.11,0,0,14,14,"142","0","442","6","0","0"
298,"TOWNSHIP OF SYCAMORE For Township Fiscal Officer (Vote For 1)","Standish Fortin","",1739,42.89,0,0,14,14,"142","0","442","6","0","0"
299,"TOWNSHIP OF SYMMES For Township Trustee (Vote For 1)","Phil Beck","",2500,58.51,0,0,12,12,"60","0","486","3","0","0"
300,"TOWNSHIP OF SYMMES For Township Trustee (Vote For 1)","CJ Carr","",1773,41.49,0,0,12,12,"60","0","486","3","0","0"
301,"TOWNSHIP OF SYMMES For Township Fiscal Officer (Vote For 1)","Joseph C. Grossi","",3013,100.00,0,0,12,12,"235","0","1574","0","0","0"
302,"TOWNSHIP OF WHITEWATER For Township Trustee (Vote For 1)","Guy G. Schaible","",388,56.73,0,0,3,3,"2","0","18","2","0","0"
303,"TOWNSHIP OF WHITEWATER For Township Trustee (Vote For 1)","Alysha Johnson","",296,43.27,0,0,3,3,"2","0","18","2","0","0"
304,"TOWNSHIP OF WHITEWATER For Township Fiscal Officer (Vote For 1)","James L. Brett","",486,100.00,0,0,3,3,"13","0","207","0","0","0"
305,"CINCINNATI CITY SCHOOL DISTRICT For Member of Board of Education (Vote For 3)","Eve Bolton","",29093,26.03,0,0,232,232,"6888","13","42275","46","0","0"
306,"CINCINNATI CITY SCHOOL DISTRICT For Member of Board of Education (Vote For 3)","Carolyn Jones","",28344,25.36,0,0,232,232,"6888","13","42275","46","0","0"
307,"CINCINNATI CITY SCHOOL DISTRICT For Member of Board of Education (Vote For 3)","Ben Lindy","",19849,17.76,0,0,232,232,"6888","13","42275","46","0","0"
308,"CINCINNATI CITY SCHOOL DISTRICT For Member of Board of Education (Vote For 3)","Ozie Davis III","",13327,11.93,0,0,232,232,"6888","13","42275","46","0","0"
309,"CINCINNATI CITY SCHOOL DISTRICT For Member of Board of Education (Vote For 3)","Heather M. Couch","",11079,9.91,0,0,232,232,"6888","13","42275","46","0","0"
310,"CINCINNATI CITY SCHOOL DISTRICT For Member of Board of Education (Vote For 3)","Marlena Brookfield","",10062,9.00,0,0,232,232,"6888","13","42275","46","0","0"
311,"CINCINNATI CITY SCHOOL DISTRICT For Member of Board of Education (Unexpired term ending 12-31-2021) (Vote For 1)","Pamela Bowers","",25163,54.56,0,0,232,232,"1025","42","6381","129","0","0"
312,"CINCINNATI CITY SCHOOL DISTRICT For Member of Board of Education (Unexpired term ending 12-31-2021) (Vote For 1)","Gary Favors","",14972,32.46,0,0,232,232,"1025","42","6381","129","0","0"
313,"CINCINNATI CITY SCHOOL DISTRICT For Member of Board of Education (Unexpired term ending 12-31-2021) (Vote For 1)","Steve Megerle","",5986,12.98,0,0,232,232,"1025","42","6381","129","0","0"
314,"DEER PARK COMMUNITY CITY SCHOOL DISTRICT For Member of Board of Education (Vote For 2)","Chris Huster","",1341,52.77,0,0,10,10,"239","0","1796","0","0","0"
315,"DEER PARK COMMUNITY CITY SCHOOL DISTRICT For Member of Board of Education (Vote For 2)","Paul Godwin","",1200,47.23,0,0,10,10,"239","0","1796","0","0","0"
316,"INDIAN HILL EXEMPTED VILLAGE SCHOOL DISTRICT For Member of Board of Education (Vote For 2)","Niki Singh","",1780,31.54,0,0,17,17,"298","1","1342","3","0","0"
317,"INDIAN HILL EXEMPTED VILLAGE SCHOOL DISTRICT For Member of Board of Education (Vote For 2)","Nancy Aichholz","",1748,30.97,0,0,17,17,"298","1","1342","3","0","0"
318,"INDIAN HILL EXEMPTED VILLAGE SCHOOL DISTRICT For Member of Board of Education (Vote For 2)","Eliot M. Winks","",1071,18.98,0,0,17,17,"298","1","1342","3","0","0"
319,"INDIAN HILL EXEMPTED VILLAGE SCHOOL DISTRICT For Member of Board of Education (Vote For 2)","Jackie R. Sheridan","",1045,18.52,0,0,17,17,"298","1","1342","3","0","0"
320,"LOVELAND CITY SCHOOL DISTRICT For Member of Board of Education (Vote For 2)","Kathryn Lorenz","",2652,53.68,0,0,13,13,"783","0","5697","0","0","0"
321,"LOVELAND CITY SCHOOL DISTRICT For Member of Board of Education (Vote For 2)","Arthur R. Jarvis","",2288,46.32,0,0,13,13,"783","0","5697","0","0","0"
322,"MADEIRA CITY SCHOOL DISTRICT For Member of Board of Education (Vote For 2)","Paula Andruss","",1374,51.33,0,0,9,9,"260","0","1837","0","0","0"
323,"MADEIRA CITY SCHOOL DISTRICT For Member of Board of Education (Vote For 2)","Richard Palmer","",1303,48.67,0,0,9,9,"260","0","1837","0","0","0"
324,"MARIEMONT CITY SCHOOL DISTRICT For Member of Board of Education (Vote For 2)","Kelli S. Neville","",1124,51.54,0,0,8,8,"188","0","1241","0","0","0"
325,"MARIEMONT CITY SCHOOL DISTRICT For Member of Board of Education (Vote For 2)","N. Nan Dill","",1057,48.46,0,0,8,8,"188","0","1241","0","0","0"
326,"MILFORD EXEMPTED VILLAGE SCHOOL DISTRICT For Member of Board of Education (Vote For 2)","Emily Chesnut","",0,0.00,0,0,1,1,"0","0","0","0","0","0"
327,"MILFORD EXEMPTED VILLAGE SCHOOL DISTRICT For Member of Board of Education (Vote For 2)","Mike Durkee","",0,0.00,0,0,1,1,"0","0","0","0","0","0"
328,"MILFORD EXEMPTED VILLAGE SCHOOL DISTRICT For Member of Board of Education (Vote For 2)","Dave Meranda","",0,0.00,0,0,1,1,"0","0","0","0","0","0"
329,"MILFORD EXEMPTED VILLAGE SCHOOL DISTRICT For Member of Board of Education (Vote For 2)","James Rhodes","",0,0.00,0,0,1,1,"0","0","0","0","0","0"
330,"MT HEALTHY CITY SCHOOL DISTRICT For Member of Board of Education (Vote For 2)","Julie Turner","",1401,26.43,0,0,22,22,"228","2","1854","6","0","0"
331,"MT HEALTHY CITY SCHOOL DISTRICT For Member of Board of Education (Vote For 2)","Kimberly A. Bouldin-Bryant","",1314,24.79,0,0,22,22,"228","2","1854","6","0","0"
332,"MT HEALTHY CITY SCHOOL DISTRICT For Member of Board of Education (Vote For 2)","Kenneth Glenn","",1017,19.19,0,0,22,22,"228","2","1854","6","0","0"
333,"MT HEALTHY CITY SCHOOL DISTRICT For Member of Board of Education (Vote For 2)","Steven A. Harness","",828,15.62,0,0,22,22,"228","2","1854","6","0","0"
334,"MT HEALTHY CITY SCHOOL DISTRICT For Member of Board of Education (Vote For 2)","Randy A. Jones","",740,13.96,0,0,22,22,"228","2","1854","6","0","0"
335,"NORTH COLLEGE HILL CITY SCHOOL DISTRICT For Member of Board of Education (Vote For 2)","Helen O'Rourke","",836,37.52,0,0,10,10,"146","1","1168","2","0","0"
336,"NORTH COLLEGE HILL CITY SCHOOL DISTRICT For Member of Board of Education (Vote For 2)","Barbara Graves","",829,37.21,0,0,10,10,"146","1","1168","2","0","0"
337,"NORTH COLLEGE HILL CITY SCHOOL DISTRICT For Member of Board of Education (Vote For 2)","Vanessa Bossard","",563,25.27,0,0,10,10,"146","1","1168","2","0","0"
338,"NORWOOD CITY SCHOOL DISTRICT For Member of Board of Education (Vote For 2)","Debbie Cole","",1911,39.73,0,0,12,12,"479","1","2185","3","0","0"
339,"NORWOOD CITY SCHOOL DISTRICT For Member of Board of Education (Vote For 2)","Alice Rericha","",1515,31.50,0,0,12,12,"479","1","2185","3","0","0"
340,"NORWOOD CITY SCHOOL DISTRICT For Member of Board of Education (Vote For 2)","Val Nice Orza","",1384,28.77,0,0,12,12,"479","1","2185","3","0","0"
341,"NORWOOD CITY SCHOOL DISTRICT For Member of Board of Education (Unexpired term ending 12-31-2021) (Vote For 1)","Sally Raber","",1852,64.48,0,0,12,12,"153","0","714","2","0","0"
342,"NORWOOD CITY SCHOOL DISTRICT For Member of Board of Education (Unexpired term ending 12-31-2021) (Vote For 1)","Huy T. Lai","",1020,35.52,0,0,12,12,"153","0","714","2","0","0"
343,"PRINCETON CITY SCHOOL DISTRICT For Member of Board of Education (Vote For 3)","Gina Ruffin Moore","",4689,35.15,0,0,29,29,"1719","0","12226","0","0","0"
344,"PRINCETON CITY SCHOOL DISTRICT For Member of Board of Education (Vote For 3)","Susan Elizabeth Wyder","",4604,34.51,0,0,29,29,"1719","0","12226","0","0","0"
345,"PRINCETON CITY SCHOOL DISTRICT For Member of Board of Education (Vote For 3)","Jon Myron Simons","",4047,30.34,0,0,29,29,"1719","0","12226","0","0","0"
346,"READING COMMUNITY CITY SCHOOL DISTRICT For Member of Board of Education (Vote For 2)","Crystal Gee Menner","",1119,53.13,0,0,9,9,"222","0","1412","0","0","0"
347,"READING COMMUNITY CITY SCHOOL DISTRICT For Member of Board of Education (Vote For 2)","Jason Robert Rader","",987,46.87,0,0,9,9,"222","0","1412","0","0","0"
348,"ST BERNARD-ELMWOOD PLACE CITY SCHOOL DISTRICT For Member of Board of Education (Vote For 2)","Linda Keith Radtke","",726,50.70,0,0,5,5,"107","0","1231","0","0","0"
349,"ST BERNARD-ELMWOOD PLACE CITY SCHOOL DISTRICT For Member of Board of Education (Vote For 2)","Cristina Underwood","",706,49.30,0,0,5,5,"107","0","1231","0","0","0"
350,"ST BERNARD-ELMWOOD PLACE CITY SCHOOL DISTRICT For Member of Board of Ed (Unexp ending 12-31-2021) (Vote For 1)","Jason T. McMullan","",746,63.98,0,0,5,5,"10","1","208","0","0","0"
351,"ST BERNARD-ELMWOOD PLACE CITY SCHOOL DISTRICT For Member of Board of Ed (Unexp ending 12-31-2021) (Vote For 1)","Joe Wheeler","",420,36.02,0,0,5,5,"10","1","208","0","0","0"
352,"SYCAMORE COMMUNITY CITY SCHOOL DISTRICT For Member of Board of Education (Vote For 2)","Melissa Weiss","",5272,37.92,0,0,36,36,"797","1","6783","2","0","0"
353,"SYCAMORE COMMUNITY CITY SCHOOL DISTRICT For Member of Board of Education (Vote For 2)","Brad Comerford","",5039,36.24,0,0,36,36,"797","1","6783","2","0","0"
354,"SYCAMORE COMMUNITY CITY SCHOOL DISTRICT For Member of Board of Education (Vote For 2)","Paul M. Balent","",3593,25.84,0,0,36,36,"797","1","6783","2","0","0"
355,"WINTON WOODS CITY SCHOOL DISTRICT For Member of Board of Education (Vote For 1)","Katrina Rugless","",3141,100.00,0,0,22,22,"134","0","1022","0","0","0"
356,"WINTON WOODS CITY SCHOOL DISTRICT For Member of Board of Ed (Unexp ending 12-31-2021) (Vote For 1)","John Cuppoletti","",2881,100.00,0,0,22,22,"153","0","1263","0","0","0"
357,"WYOMING CITY SCHOOL DISTRICT For Member of Board of Education (Vote For 2)","Jeanie Zoller","",1585,50.64,0,0,5,5,"218","0","1936","0","0","0"
358,"WYOMING CITY SCHOOL DISTRICT For Member of Board of Education (Vote For 2)","Illya T. Thomas","",1545,49.36,0,0,5,5,"218","0","1936","0","0","0"
359,"HAMILTON CO EDUCATIONAL SERVICE CENTER For Member of Governing Board of Educational Service Center (Vote For 2)","Tim Wagner","",28781,53.03,0,0,177,177,"6570","0","59289","0","0","0"
360,"HAMILTON CO EDUCATIONAL SERVICE CENTER For Member of Governing Board of Educational Service Center (Vote For 2)","Fred Hunt","",25494,46.97,0,0,177,177,"6570","0","59289","0","0","0"
361,"FINNEYTOWN LOCAL SCHOOL DISTRICT For Member of Board of Education (Vote For 2)","Tony Gast","",2024,52.07,0,0,10,10,"318","0","2877","0","0","0"
362,"FINNEYTOWN LOCAL SCHOOL DISTRICT For Member of Board of Education (Vote For 2)","Joycelyn R. Johnson","",1863,47.93,0,0,10,10,"318","0","2877","0","0","0"
363,"FOREST HILLS LOCAL SCHOOL DISTRICT For Member of Board of Education (Vote For 2)","Patty Taylor","",7607,34.86,0,0,34,34,"1059","2","8658","6","0","0"
364,"FOREST HILLS LOCAL SCHOOL DISTRICT For Member of Board of Education (Vote For 2)","Leslie Rasmussen","",7537,34.54,0,0,34,34,"1059","2","8658","6","0","0"
365,"FOREST HILLS LOCAL SCHOOL DISTRICT For Member of Board of Education (Vote For 2)","Tommaso Turchiano","",6679,30.61,0,0,34,34,"1059","2","8658","6","0","0"
366,"LOCKLAND LOCAL SCHOOL DISTRICT For Member of Board of Education (Vote For 2)","Krista Blum","",209,54.71,0,0,3,3,"58","0","252","0","0","0"
367,"LOCKLAND LOCAL SCHOOL DISTRICT For Member of Board of Education (Vote For 2)","Lauren M. Costanzo","",173,45.29,0,0,3,3,"58","0","252","0","0","0"
368,"NORTHWEST LOCAL SCHOOL DISTRICT For Member of Board of Education (Vote For 2)","Matt Tietsort","",6649,24.79,0,0,57,57,"1113","4","11577","17","0","0"
369,"NORTHWEST LOCAL SCHOOL DISTRICT For Member of Board of Education (Vote For 2)","Jim Detzel","",6624,24.69,0,0,57,57,"1113","4","11577","17","0","0"
370,"NORTHWEST LOCAL SCHOOL DISTRICT For Member of Board of Education (Vote For 2)","Monica L. Bowles","",5700,21.25,0,0,57,57,"1113","4","11577","17","0","0"
371,"NORTHWEST LOCAL SCHOOL DISTRICT For Member of Board of Education (Vote For 2)","Diane Bradley","",4632,17.27,0,0,57,57,"1113","4","11577","17","0","0"
372,"NORTHWEST LOCAL SCHOOL DISTRICT For Member of Board of Education (Vote For 2)","Elaine I. Gauck","",3219,12.00,0,0,57,57,"1113","4","11577","17","0","0"
373,"OAK HILLS LOCAL SCHOOL DISTRICT For Member of Board of Education (Vote For 2)","Janice Hunter","",6660,51.83,0,0,50,50,"1268","0","10481","0","0","0"
374,"OAK HILLS LOCAL SCHOOL DISTRICT For Member of Board of Education (Vote For 2)","Paul D. Cooper","",6189,48.17,0,0,50,50,"1268","0","10481","0","0","0"
375,"SOUTHWEST LOCAL SCHOOL DISTRICT For Member of Board of Education (Vote For 3)","Jeffrey Paul Biddle","",2695,31.84,0,0,14,14,"360","0","4296","2","0","0"
376,"SOUTHWEST LOCAL SCHOOL DISTRICT For Member of Board of Education (Vote For 3)","Linda A. Peak","",2382,28.15,0,0,14,14,"360","0","4296","2","0","0"
377,"SOUTHWEST LOCAL SCHOOL DISTRICT For Member of Board of Education (Vote For 3)","Tricia Evanson","",1731,20.45,0,0,14,14,"360","0","4296","2","0","0"
378,"SOUTHWEST LOCAL SCHOOL DISTRICT For Member of Board of Education (Vote For 3)","Lindsay Wetherill","",1655,19.56,0,0,14,14,"360","0","4296","2","0","0"
379,"THREE RIVERS LOCAL SCHOOL DISTRICT For Member of Board of Education (Vote For 2)","Tracy L. Snider","",1925,31.74,0,0,12,12,"238","3","1578","7","0","0"
380,"THREE RIVERS LOCAL SCHOOL DISTRICT For Member of Board of Education (Vote For 2)","Susan Miller","",1469,24.22,0,0,12,12,"238","3","1578","7","0","0"
381,"THREE RIVERS LOCAL SCHOOL DISTRICT For Member of Board of Education (Vote For 2)","Doug Moore","",1339,22.08,0,0,12,12,"238","3","1578","7","0","0"
382,"THREE RIVERS LOCAL SCHOOL DISTRICT For Member of Board of Education (Vote For 2)","Tim Fries","",1331,21.95,0,0,12,12,"238","3","1578","7","0","0"
383,"1  PROPOSED TAX LEVY (RENEWAL) VILLAGE OF ADDYSTON (Vote For 1)","FOR THE TAX LEVY","",89,68.99,0,0,1,1,"0","0","4","0","0","0"
384,"1  PROPOSED TAX LEVY (RENEWAL) VILLAGE OF ADDYSTON (Vote For 1)","AGAINST THE TAX LEVY","",40,31.01,0,0,1,1,"0","0","4","0","0","0"
385,"2  PROPOSED TAX LEVY (RENEWAL) VILLAGE OF ARLINGTON HEIGHTS (Vote For 1)","FOR THE TAX LEVY","",75,65.22,0,0,1,1,"0","0","0","0","0","0"
386,"2  PROPOSED TAX LEVY (RENEWAL) VILLAGE OF ARLINGTON HEIGHTS (Vote For 1)","AGAINST THE TAX LEVY","",40,34.78,0,0,1,1,"0","0","0","0","0","0"
387,"3  PROPOSED TAX LEVY (ADDITIONAL) VILLAGE OF CLEVES (Vote For 1)","FOR THE TAX LEVY","",324,56.15,0,0,2,2,"2","0","3","1","0","0"
388,"3  PROPOSED TAX LEVY (ADDITIONAL) VILLAGE OF CLEVES (Vote For 1)","AGAINST THE TAX LEVY","",253,43.85,0,0,2,2,"2","0","3","1","0","0"
389,"4  PROPOSED TAX LEVY (RENEWAL) VILLAGE OF GOLF MANOR (Vote For 1)","FOR THE TAX LEVY","",438,71.45,0,0,2,2,"2","0","8","0","0","0"
390,"4  PROPOSED TAX LEVY (RENEWAL) VILLAGE OF GOLF MANOR (Vote For 1)","AGAINST THE TAX LEVY","",175,28.55,0,0,2,2,"2","0","8","0","0","0"
391,"5  PROPOSED TAX LEVY (RENEWAL) VILLAGE OF GREENHILLS (Vote For 1)","FOR THE TAX LEVY","",418,74.64,0,0,3,3,"0","0","2","0","0","0"
392,"5  PROPOSED TAX LEVY (RENEWAL) VILLAGE OF GREENHILLS (Vote For 1)","AGAINST THE TAX LEVY","",142,25.36,0,0,3,3,"0","0","2","0","0","0"
393,"6  PROPOSED TAX LEVY (RENEWAL) VILLAGE OF LINCOLN HEIGHTS (Vote For 1)","FOR THE TAX LEVY","",338,77.70,0,0,2,2,"2","0","5","1","0","0"
394,"6  PROPOSED TAX LEVY (RENEWAL) VILLAGE OF LINCOLN HEIGHTS (Vote For 1)","AGAINST THE TAX LEVY","",97,22.30,0,0,2,2,"2","0","5","1","0","0"
395,"7  PROPOSED TAX LEVY (ADDITIONAL) VILLAGE OF NORTH BEND (Fire/EMS) (Vote For 1)","FOR THE TAX LEVY","",164,53.59,0,0,1,1,"1","0","3","0","0","0"
396,"7  PROPOSED TAX LEVY (ADDITIONAL) VILLAGE OF NORTH BEND (Fire/EMS) (Vote For 1)","AGAINST THE TAX LEVY","",142,46.41,0,0,1,1,"1","0","3","0","0","0"
397,"8  PROPOSED TAX LEVY (ADDITIONAL) VILLAGE OF NORTH BEND (Public Safety Services) (Vote For 1)","AGAINST THE TAX LEVY","",168,55.63,0,0,1,1,"1","0","7","0","0","0"
398,"8  PROPOSED TAX LEVY (ADDITIONAL) VILLAGE OF NORTH BEND (Public Safety Services) (Vote For 1)","FOR THE TAX LEVY","",134,44.37,0,0,1,1,"1","0","7","0","0","0"
399,"9  PROPOSED TAX LEVY (RENEWAL) VILLAGE OF WOODLAWN (Vote For 1)","FOR THE TAX LEVY","",586,82.54,0,0,2,2,"0","0","5","1","0","0"
400,"9  PROPOSED TAX LEVY (RENEWAL) VILLAGE OF WOODLAWN (Vote For 1)","AGAINST THE TAX LEVY","",124,17.46,0,0,2,2,"0","0","5","1","0","0"
401,"10  PROPOSED TAX LEVY (REPLACEMENT AND INCREASE) MIAMI TOWNSHIP UNINCORPORATED AREA (Fire) (Vote For 1)","FOR THE TAX LEVY","",1765,61.24,0,0,8,8,"2","1","38","1","0","0"
402,"10  PROPOSED TAX LEVY (REPLACEMENT AND INCREASE) MIAMI TOWNSHIP UNINCORPORATED AREA (Fire) (Vote For 1)","AGAINST THE TAX LEVY","",1117,38.76,0,0,8,8,"2","1","38","1","0","0"
403,"11  PROPOSED TAX LEVY (REPLACEMENT) MIAMI TOWNSHIP UNINCORPORATED AREA (Police) (Vote For 1)","FOR THE TAX LEVY","",2060,71.50,0,0,8,8,"2","0","40","1","0","0"
404,"11  PROPOSED TAX LEVY (REPLACEMENT) MIAMI TOWNSHIP UNINCORPORATED AREA (Police) (Vote For 1)","AGAINST THE TAX LEVY","",821,28.50,0,0,8,8,"2","0","40","1","0","0"
405,"12  PROPOSED TAX LEVY (RENEWAL) CINCINNATI CITY SCHOOL DISTRICT (Vote For 1)","FOR THE TAX LEVY","",38038,71.82,0,0,232,232,"132","6","570","25","0","0"
406,"12  PROPOSED TAX LEVY (RENEWAL) CINCINNATI CITY SCHOOL DISTRICT (Vote For 1)","AGAINST THE TAX LEVY","",14927,28.18,0,0,232,232,"132","6","570","25","0","0"
407,"13  PROPOSED BOND ISSUE AND TAX LEVY FINNEYTOWN LOCAL SCHOOL DISTRICT (Vote For 1)","FOR THE BOND ISSUE AND TAX LEVY","",2443,69.38,0,0,10,10,"2","0","16","2","0","0"
408,"13  PROPOSED BOND ISSUE AND TAX LEVY FINNEYTOWN LOCAL SCHOOL DISTRICT (Vote For 1)","AGAINST THE BOND ISSUE AND TAX LEVY","",1078,30.62,0,0,10,10,"2","0","16","2","0","0"
409,"14  PROPOSED TAX LEVY (ADDITIONAL) FOREST HILLS LOCAL SCHOOL DISTRICT (Vote For 1)","FOR THE TAX LEVY","",9058,57.71,0,0,34,34,"20","0","58","4","0","0"
410,"14  PROPOSED TAX LEVY (ADDITIONAL) FOREST HILLS LOCAL SCHOOL DISTRICT (Vote For 1)","AGAINST THE TAX LEVY","",6638,42.29,0,0,34,34,"20","0","58","4","0","0"
411,"15  PROPOSED BOND ISSUE AND TAX LEVIES LOVELAND CITY SCHOOL DISTRICT (Vote For 1)","AGAINST THE BOND ISSUE AND TAX LEVIES","",4472,78.61,0,0,13,13,"4","1","16","0","0","0"
412,"15  PROPOSED BOND ISSUE AND TAX LEVIES LOVELAND CITY SCHOOL DISTRICT (Vote For 1)","FOR THE BOND ISSUE AND TAX LEVIES","",1217,21.39,0,0,13,13,"4","1","16","0","0","0"
413,"16  PROPOSED TAX LEVY (ADDITIONAL) NORTHWEST LOCAL SCHOOL DISTRICT (Vote For 1)","FOR THE TAX LEVY","",10161,51.75,0,0,57,57,"31","4","105","3","0","0"
414,"16  PROPOSED TAX LEVY (ADDITIONAL) NORTHWEST LOCAL SCHOOL DISTRICT (Vote For 1)","AGAINST THE TAX LEVY","",9474,48.25,0,0,57,57,"31","4","105","3","0","0"
415,"17  PROPOSED TAX LEVY (ADDITIONAL) PRINCETON CITY SCHOOL DISTRICT (Vote For 1)","FOR THE TAX LEVY","",4863,54.09,0,0,29,29,"21","1","81","2","0","0"
416,"17  PROPOSED TAX LEVY (ADDITIONAL) PRINCETON CITY SCHOOL DISTRICT (Vote For 1)","AGAINST THE TAX LEVY","",4127,45.91,0,0,29,29,"21","1","81","2","0","0"
417,"18  PROPOSED BOND ISSUE SYCAMORE COMMUNITY CITY SCHOOL DISTRICT (Vote For 1)","FOR THE BOND ISSUE","",6576,61.65,0,0,36,36,"16","0","59","3","0","0"
418,"18  PROPOSED BOND ISSUE SYCAMORE COMMUNITY CITY SCHOOL DISTRICT (Vote For 1)","AGAINST THE BOND ISSUE","",4091,38.35,0,0,36,36,"16","0","59","3","0","0"
419,"19  PROPOSED TAX LEVY (ADDITIONAL) HILLTOP JOINT FIRE AND RESCUE DISTRICT (Vote For 1)","AGAINST THE TAX LEVY","",1731,68.42,0,0,11,11,"8","1","27","3","0","0"
420,"19  PROPOSED TAX LEVY (ADDITIONAL) HILLTOP JOINT FIRE AND RESCUE DISTRICT (Vote For 1)","FOR THE TAX LEVY","",799,31.58,0,0,11,11,"8","1","27","3","0","0"
421,"20  PROPOSED TAX LEVY (RENEWAL) HAMILTON COUNTY (Family Services & Treatment Programs) (Vote For 1)","FOR THE TAX LEVY","",115273,69.59,0,0,563,563,"366","26","2724","94","0","0"
422,"20  PROPOSED TAX LEVY (RENEWAL) HAMILTON COUNTY (Family Services & Treatment Programs) (Vote For 1)","AGAINST THE TAX LEVY","",50366,30.41,0,0,563,563,"366","26","2724","94","0","0"
423,"21  PROPOSED TAX LEVY (RENEWAL) HAMILTON COUNTY (Developmental Disabilities) (Vote For 1)","FOR THE TAX LEVY","",125674,75.87,0,0,563,563,"402","17","2728","53","0","0"
424,"21  PROPOSED TAX LEVY (RENEWAL) HAMILTON COUNTY (Developmental Disabilities) (Vote For 1)","AGAINST THE TAX LEVY","",39975,24.13,0,0,563,563,"402","17","2728","53","0","0"
425,"22  PROPOSED CHARTER AMENDMENT ORDINANCE CITY OF CINCINNATI (Transit Tax) (Vote For 1)","YES","",34608,75.93,0,0,190,190,"189","5","1002","22","0","0"
426,"22  PROPOSED CHARTER AMENDMENT ORDINANCE CITY OF CINCINNATI (Transit Tax) (Vote For 1)","NO","",10970,24.07,0,0,190,190,"189","5","1002","22","0","0"
427,"23  PARTICULAR PREMISES LOCAL LIQUOR OPTION CINTI 23-O (Vote For 1)","NO","",304,84.68,0,0,1,1,"1","0","15","0","0","0"
428,"23  PARTICULAR PREMISES LOCAL LIQUOR OPTION CINTI 23-O (Vote For 1)","YES","",55,15.32,0,0,1,1,"1","0","15","0","0","0"
429,"24  PROPOSED TAX LEVY (RENEWAL) CITY OF CHEVIOT (Vote For 1)","FOR THE TAX LEVY","",873,69.29,0,0,4,4,"2","0","22","1","0","0"
430,"24  PROPOSED TAX LEVY (RENEWAL) CITY OF CHEVIOT (Vote For 1)","AGAINST THE TAX LEVY","",387,30.71,0,0,4,4,"2","0","22","1","0","0"
431,"25  PROPOSED CHARTER COMMISSION BALLOT CITY OF DEER PARK (Vote For 1)","YES","",624,61.90,0,0,4,4,"16","0","124","3","0","0"
432,"25  PROPOSED CHARTER COMMISSION BALLOT CITY OF DEER PARK (Vote For 1)","NO","",384,38.10,0,0,4,4,"16","0","124","3","0","0"
433,"CITY OF DEER PARK For Members of Charter Commission (Vote For 15)","Regina Tassell","",428,8.47,0,0,4,4,"1318","0","10892","0","0","0"
434,"CITY OF DEER PARK For Members of Charter Commission (Vote For 15)","Maryhelen Tegenkamp","",379,7.50,0,0,4,4,"1318","0","10892","0","0","0"
435,"CITY OF DEER PARK For Members of Charter Commission (Vote For 15)","Donna Reno","",369,7.30,0,0,4,4,"1318","0","10892","0","0","0"
436,"CITY OF DEER PARK For Members of Charter Commission (Vote For 15)","Chris Hedger","",365,7.22,0,0,4,4,"1318","0","10892","0","0","0"
437,"CITY OF DEER PARK For Members of Charter Commission (Vote For 15)","Jackie Jarvis","",365,7.22,0,0,4,4,"1318","0","10892","0","0","0"
438,"CITY OF DEER PARK For Members of Charter Commission (Vote For 15)","Casey Berling","",363,7.18,0,0,4,4,"1318","0","10892","0","0","0"
439,"CITY OF DEER PARK For Members of Charter Commission (Vote For 15)","Joe Comer","",344,6.81,0,0,4,4,"1318","0","10892","0","0","0"
440,"CITY OF DEER PARK For Members of Charter Commission (Vote For 15)","Tom Reno","",332,6.57,0,0,4,4,"1318","0","10892","0","0","0"
441,"CITY OF DEER PARK For Members of Charter Commission (Vote For 15)","David Chachoff","",330,6.53,0,0,4,4,"1318","0","10892","0","0","0"
442,"CITY OF DEER PARK For Members of Charter Commission (Vote For 15)","John Lavelle","",325,6.43,0,0,4,4,"1318","0","10892","0","0","0"
443,"CITY OF DEER PARK For Members of Charter Commission (Vote For 15)","Mark Manning","",309,6.11,0,0,4,4,"1318","0","10892","0","0","0"
444,"CITY OF DEER PARK For Members of Charter Commission (Vote For 15)","Mark Harris","",298,5.90,0,0,4,4,"1318","0","10892","0","0","0"
445,"CITY OF DEER PARK For Members of Charter Commission (Vote For 15)","Carl Marshall","",291,5.76,0,0,4,4,"1318","0","10892","0","0","0"
446,"CITY OF DEER PARK For Members of Charter Commission (Vote For 15)","David Kreuter","",281,5.56,0,0,4,4,"1318","0","10892","0","0","0"
447,"CITY OF DEER PARK For Members of Charter Commission (Vote For 15)","Mike Icenogle","",276,5.46,0,0,4,4,"1318","0","10892","0","0","0"
448,"26  PROPOSED ORDINANCE NATURAL GAS AGGREGATION CITY OF FOREST PARK (Vote For 1)","YES","",1336,53.96,0,0,13,13,"11","0","66","0","0","0"
449,"26  PROPOSED ORDINANCE NATURAL GAS AGGREGATION CITY OF FOREST PARK (Vote For 1)","NO","",1140,46.04,0,0,13,13,"11","0","66","0","0","0"
450,"27  PROPOSED ORDINANCE ELECTRIC AGGREGATION CITY OF FOREST PARK (Vote For 1)","YES","",1317,54.72,0,0,13,13,"17","0","128","1","0","0"
451,"27  PROPOSED ORDINANCE ELECTRIC AGGREGATION CITY OF FOREST PARK (Vote For 1)","NO","",1090,45.28,0,0,13,13,"17","0","128","1","0","0"
452,"28  PROPOSED TAX LEVY (RENEWAL) CITY OF HARRISON (Vote For 1)","FOR THE TAX LEVY","",1674,76.97,0,0,6,6,"9","0","39","0","0","0"
453,"28  PROPOSED TAX LEVY (RENEWAL) CITY OF HARRISON (Vote For 1)","AGAINST THE TAX LEVY","",501,23.03,0,0,6,6,"9","0","39","0","0","0"
454,"29  PROPOSED CHARTER AMENDMENT CITY OF LOVELAND (Vote For 1)","YES","",1964,64.78,0,0,7,7,"25","0","287","1","0","0"
455,"29  PROPOSED CHARTER AMENDMENT CITY OF LOVELAND (Vote For 1)","NO","",1068,35.22,0,0,7,7,"25","0","287","1","0","0"
456,"30  PROPOSED TAX LEVY (RENEWAL AND INCREASE) CITY OF MILFORD (Vote For 1)","AGAINST THE TAX LEVY","",3,60.00,0,0,3,3,"0","0","0","0","0","0"
457,"30  PROPOSED TAX LEVY (RENEWAL AND INCREASE) CITY OF MILFORD (Vote For 1)","FOR THE TAX LEVY","",2,40.00,0,0,3,3,"0","0","0","0","0","0"
458,"31  PROPOSED TAX LEVY (RENEWAL) CITY OF NORTH COLLEGE HILL (Vote For 1)","FOR THE TAX LEVY","",1166,73.20,0,0,7,7,"6","0","25","0","0","0"
459,"31  PROPOSED TAX LEVY (RENEWAL) CITY OF NORTH COLLEGE HILL (Vote For 1)","AGAINST THE TAX LEVY","",427,26.80,0,0,7,7,"6","0","25","0","0","0"
460,"32  PROPOSED CHARTER AMENDMENT CITY OF NORTH COLLEGE HILL (Vote For 1)","YES","",1150,75.51,0,0,7,7,"17","0","84","0","0","0"
461,"32  PROPOSED CHARTER AMENDMENT CITY OF NORTH COLLEGE HILL (Vote For 1)","NO","",373,24.49,0,0,7,7,"17","0","84","0","0","0"
462,"33  PROPOSED ORDINANCE ELECTRIC AGGREGATION CITY OF WYOMING (Vote For 1)","YES","",2087,83.11,0,0,5,5,"19","0","150","0","0","0"
463,"33  PROPOSED ORDINANCE ELECTRIC AGGREGATION CITY OF WYOMING (Vote For 1)","NO","",424,16.89,0,0,5,5,"19","0","150","0","0","0"
