Precincts,Total Votes,JMLK,S Johnson,Owens,Albi,Jeffreys,Walsh,Cramerding,Nolan,R James,Keating,Smither,Cole,Matthews,Driehaus,Favors,Goodin,Mallory,Johnson,Weiner,Prophett,Pryor,Corbett,Brooks,Washington,Nixon,Farmer,Ennix
0101 CIN 1-A,815,38,33,35,38,44,50,34,36,34,103,65,7,79,27,65,36,7,12,30,4,2,9,4,5,7,11,0
0102 CIN 1-B,4857,399,365,357,392,389,375,358,372,345,280,187,76,138,105,141,129,44,55,64,41,24,77,38,37,29,40,0
0103 CIN 1-C,3125,259,248,261,276,268,258,260,253,237,144,87,52,79,47,79,57,23,49,35,30,6,38,27,17,19,16,0
0104 CIN 1-D,2367,193,176,168,190,181,161,169,173,161,157,77,50,75,63,78,56,27,37,32,20,21,28,21,18,12,23,0
0105 CIN 1-E,3093,255,234,239,254,253,217,232,213,206,175,120,80,84,61,82,63,29,57,51,31,12,42,30,29,19,21,4
0106 CIN 1-F,3966,320,288,285,312,318,302,314,303,250,290,174,50,129,93,130,123,33,37,54,29,10,41,20,17,18,25,1
0107 CIN 1-G,2987,225,206,214,233,229,206,207,212,192,192,133,60,118,61,103,94,33,42,38,30,22,41,28,25,20,22,1
0108 CIN 1-H,2017,166,147,135,154,155,135,144,156,139,166,92,21,93,42,89,59,13,15,20,11,5,23,5,8,10,14,0
0109 CIN 1-I,3511,281,257,266,279,295,267,264,266,250,223,148,55,134,59,132,62,33,37,38,32,12,35,27,25,16,17,1
0110 CIN 1-J,3439,272,256,244,283,274,269,242,245,221,275,130,57,113,65,110,83,29,45,51,29,14,39,20,31,21,19,2
0111 CIN 1-K,3038,253,246,256,266,272,239,234,241,229,154,89,56,68,50,71,55,36,33,35,17,11,30,34,18,17,28,0
0112 CIN 1-L,2157,168,159,140,155,151,155,156,144,119,176,120,32,94,44,83,57,20,27,39,18,11,22,21,15,10,18,3
0113 CIN 1-M,2840,238,226,168,208,206,201,185,199,171,275,151,36,117,58,104,92,20,31,47,23,14,27,13,16,7,5,2
0201 CIN 2-A,3441,328,310,281,295,268,236,233,247,258,129,112,126,60,55,57,36,70,65,31,62,40,29,36,31,22,24,0
0202 CIN 2-B,3984,371,350,342,339,299,285,269,287,281,169,133,137,101,54,58,56,92,49,42,52,66,32,29,40,26,22,3
0203 CIN 2-C,2393,221,198,204,214,207,189,186,191,192,92,45,52,42,32,39,34,43,32,24,27,21,28,22,26,19,12,1
0204 CIN 2-D,4611,413,406,395,426,391,383,368,346,344,192,141,122,109,66,84,55,59,60,38,40,45,26,21,36,27,18,0
0205 CIN 2-E,3720,299,287,263,292,274,268,271,276,232,260,163,66,133,75,137,96,36,31,61,34,28,34,26,28,32,18,0
0206 CIN 2-F,4334,407,396,395,414,367,352,343,352,343,157,105,131,59,46,50,45,70,46,40,48,31,40,28,23,19,27,0
0207 CIN 2-G,3570,317,282,240,272,266,235,244,262,206,306,193,50,131,77,115,118,30,32,74,26,12,22,11,22,8,19,0
0208 CIN 2-H,2084,190,168,189,201,177,167,161,165,167,74,60,48,37,21,29,19,27,31,21,30,15,24,20,24,7,11,1
0209 CIN 2-I,3433,306,282,289,324,283,264,267,260,268,155,97,102,74,40,70,47,52,41,37,38,30,24,25,24,17,17,0
0210 CIN 2-J,3590,303,291,290,342,295,280,288,304,281,165,103,63,81,62,81,59,27,39,27,29,21,40,33,40,23,22,1
0211 CIN 2-K,4130,366,337,325,368,339,319,317,337,318,204,119,78,101,68,101,66,57,45,51,33,22,42,31,42,23,21,0
0301 CIN 3-A,2702,282,276,257,221,194,178,177,163,210,78,93,174,20,33,16,21,77,43,11,53,54,15,18,15,12,10,1
0302 CIN 3-B,2732,247,209,220,236,244,205,216,212,191,133,89,68,54,54,65,51,17,33,51,22,17,25,17,25,17,14,0
0303 CIN 3-C,3302,297,272,263,257,246,237,225,221,213,206,131,104,87,79,87,72,54,35,47,30,35,16,23,16,22,27,0
0304 CIN 3-D,3175,318,277,281,274,264,234,231,235,246,107,57,138,32,48,39,36,54,69,29,38,71,17,27,17,14,20,2
0305 CIN 3-E,3229,320,294,295,258,256,236,234,223,222,91,88,147,34,54,40,37,74,65,28,59,64,19,33,19,17,19,3
0401 CIN 4-A,3578,347,295,271,288,280,265,279,276,249,238,144,67,86,74,74,83,20,39,61,26,9,29,13,29,21,14,1
0402 CIN 4-B,3638,346,310,273,303,303,296,291,288,257,221,126,49,91,63,91,79,29,33,57,26,5,29,17,29,15,11,0
0403 CIN 4-C,2805,299,280,178,199,177,182,167,177,202,191,113,67,68,65,71,83,21,37,50,44,5,44,22,44,5,14,0
0404 CIN 4-D,4008,356,321,306,335,318,305,305,374,278,253,123,54,124,58,130,71,27,44,31,36,6,40,20,40,23,30,0
0405 CIN 4-E,3301,318,286,234,257,243,236,229,263,257,223,113,45,87,59,108,86,14,40,45,28,12,36,22,36,13,11,0
0406 CIN 4-F,3285,324,310,193,228,215,207,200,207,203,249,147,65,100,98,98,119,22,52,76,28,6,45,22,45,14,12,0
0407 CIN 4-G,3966,385,334,241,271,278,245,257,259,249,367,209,57,154,95,151,123,30,54,64,27,6,36,12,36,15,11,0
0408 CIN 4-H,4245,364,329,317,363,342,335,314,376,279,239,143,62,104,76,115,72,42,62,60,41,17,51,37,51,30,23,1
0501 CIN 5-A,3512,296,252,200,228,238,219,212,227,160,368,210,69,141,111,151,148,27,30,81,31,17,25,13,25,18,15,0
0502 CIN 5-B,4090,389,356,262,295,280,266,268,284,266,305,167,65,123,99,135,131,47,59,69,33,17,58,22,58,19,16,1
0503 CIN 5-C,3107,288,239,237,245,233,225,241,232,198,213,122,83,77,79,73,80,36,41,63,19,10,20,15,20,7,11,0
0504 CIN 5-D,4963,436,414,356,397,372,367,370,393,333,415,228,54,156,76,151,157,21,40,83,25,5,36,18,36,12,9,3
0505 CIN 5-E,4492,419,381,333,368,354,329,331,344,323,296,162,57,128,75,121,106,42,49,63,29,19,53,18,53,21,16,2
0506 CIN 5-F,2566,227,208,168,197,184,174,184,192,162,204,129,38,76,63,80,72,23,30,43,29,6,19,19,19,14,6,0
0507 CIN 5-G,3579,331,276,214,228,225,198,196,207,180,398,215,76,150,98,144,140,23,45,62,31,17,25,23,25,24,28,0
0508 CIN 5-H,2476,246,225,239,245,211,203,212,218,210,72,39,67,25,29,22,23,31,29,22,37,12,18,13,18,4,6,0
0509 CIN 5-I,3721,316,276,202,237,226,222,211,244,202,384,244,72,161,86,184,150,20,42,73,32,10,35,16,35,17,21,3
0601 CIN 6-A,3763,328,284,326,338,328,311,318,302,291,162,84,75,68,61,63,73,38,48,37,45,23,41,39,41,18,20,1
0602 CIN 6-B,2839,237,209,235,247,230,235,225,214,221,136,65,52,65,51,69,67,19,40,36,39,16,38,23,38,14,18,0
0603 CIN 6-C,3620,319,294,327,342,320,298,295,301,302,131,59,97,49,43,50,52,39,50,33,46,34,36,38,36,10,17,2
0604 CIN 6-D,3485,336,288,326,335,319,270,292,283,285,110,51,86,42,43,41,48,43,50,28,41,36,40,28,40,10,13,1
0605 CIN 6-E,2712,211,188,213,232,217,213,219,207,184,187,81,52,63,69,58,67,21,21,47,24,17,33,22,33,19,14,0
0701 CIN 7-A,3458,364,347,298,247,221,190,194,188,224,139,123,228,41,71,34,48,108,69,32,97,83,18,28,18,29,19,0
0702 CIN 7-B,1076,96,105,98,82,80,71,63,64,70,33,33,63,14,19,9,13,33,21,11,26,28,7,10,7,12,7,1
0703 CIN 7-C,3549,378,387,321,257,262,230,221,227,260,83,110,251,21,59,24,21,112,72,21,81,63,13,27,13,17,15,3
0704 CIN 7-D,2488,243,247,221,179,166,138,141,139,183,80,99,187,24,49,22,28,70,59,16,52,49,19,19,19,24,13,2
0705 CIN 7-E,1836,195,183,169,119,127,101,108,103,122,53,81,130,19,29,17,15,66,40,12,47,40,11,14,11,10,13,1
0706 CIN 7-F,2323,248,243,216,170,168,150,151,129,164,58,98,143,20,34,16,10,86,45,11,47,57,6,17,6,14,16,0
0707 CIN 7-G,3029,299,295,282,216,200,186,167,174,219,82,124,190,25,62,29,40,94,65,22,69,65,18,31,18,29,26,2
0708 CIN 7-H,2403,242,248,231,190,202,165,154,173,177,67,73,121,22,25,20,17,63,33,10,43,45,10,18,10,21,22,1
0709 CIN 7-I,3200,333,337,300,237,246,216,196,209,220,123,118,164,33,39,30,28,90,54,16,72,49,15,18,15,17,25,0
0710 CIN 7-J,950,104,100,80,68,64,59,44,57,60,32,31,62,8,17,8,13,31,13,7,33,15,5,10,5,11,13,0
0711 CIN 7-K,2640,278,270,260,201,217,188,175,180,185,80,85,130,21,41,14,21,82,33,17,63,41,6,20,6,9,17,0
0801 CIN 8-A,2829,293,273,263,219,231,198,192,200,228,72,57,125,19,45,27,28,76,61,20,47,58,17,25,17,23,15,0
0802 CIN 8-B,3798,341,316,311,340,329,310,318,302,280,191,112,53,71,79,67,80,31,52,54,22,17,27,22,27,24,21,1
0803 CIN 8-C,4788,370,331,301,350,367,344,344,337,264,446,252,56,193,143,182,151,43,45,83,22,14,36,22,36,30,26,0
0804 CIN 8-D,3308,353,315,331,315,307,284,279,283,288,80,40,78,20,15,21,25,46,36,11,49,36,25,24,25,7,14,1
0901 CIN 9-A,1150,117,108,108,98,95,87,90,88,94,36,28,45,10,15,6,6,30,18,4,20,24,4,4,4,5,6,0
0902 CIN 9-B,4175,387,332,348,361,340,332,329,324,298,234,122,85,66,74,67,89,49,56,62,53,20,41,25,41,16,23,1
0903 CIN 9-C,2891,273,242,275,246,225,218,198,210,218,90,71,114,49,40,38,40,51,54,33,42,63,23,29,23,10,16,0
0904 CIN 9-D,1693,170,159,159,127,115,112,91,98,120,44,66,102,19,19,15,12,67,38,9,39,42,8,14,8,16,23,1
1001 CIN 10-A,3398,285,272,273,272,262,263,251,263,258,191,106,81,112,41,124,46,37,25,40,31,48,26,22,26,23,20,0
1002 CIN 10-B,1933,177,160,180,175,161,147,141,135,138,72,38,80,17,32,19,29,32,32,26,29,40,16,21,16,9,11,0
1003 CIN 10-C,2887,257,234,256,259,239,220,228,216,223,103,59,89,32,53,41,46,43,54,36,33,54,27,30,27,14,13,1
1101 CIN 11-A,2398,207,185,199,204,196,179,189,182,179,97,63,62,40,51,35,57,25,41,41,25,19,35,26,35,12,12,2
1102 CIN 11-B,1130,106,99,106,109,92,94,90,86,84,40,22,35,9,12,12,15,16,23,8,20,18,5,8,5,8,8,0
1103 CIN 11-C,569,50,46,54,50,47,48,42,46,47,17,17,11,12,11,8,9,5,11,8,3,3,6,4,6,4,3,1
1104 CIN 11-D,1607,148,139,144,151,146,133,135,129,138,55,35,38,22,19,19,18,17,27,19,15,10,14,11,14,4,7,0
1201 CIN 12-A,884,79,66,74,77,65,61,61,59,64,32,19,27,17,17,20,13,18,21,11,12,8,19,15,19,7,3,0
1202 CIN 12-B,179,15,11,15,19,14,8,12,10,18,2,1,9,3,0,2,0,5,6,0,5,3,6,4,6,3,2,0
1203 CIN 12-C,1198,125,113,120,116,112,96,102,104,105,25,20,30,9,13,13,10,16,12,5,12,7,8,6,8,6,5,0
1204 CIN 12-D,1857,147,134,148,157,157,128,127,120,132,70,59,70,38,44,31,32,44,34,30,24,12,31,25,31,16,16,0
1205 CIN 12-E,988,85,86,89,81,80,72,75,64,74,30,22,44,11,9,10,5,22,17,3,20,21,16,18,16,12,6,0
1301 CIN 13-A,1357,134,126,131,80,88,79,70,69,79,42,51,96,20,26,9,22,52,48,19,24,34,8,19,8,13,7,3
1302 CIN 13-B,2696,275,233,221,216,207,172,185,180,179,128,119,100,54,54,44,51,37,57,46,40,19,17,20,17,12,12,1
1303 CIN 13-C,1350,127,114,128,96,96,93,77,85,86,38,51,89,15,29,11,26,38,33,15,17,29,9,14,9,14,10,1
1304 CIN 13-D,2273,239,227,222,171,166,147,128,141,190,52,72,117,27,24,18,30,62,49,19,54,45,11,16,11,17,17,1
1305 CIN 13-E,4813,500,461,408,392,397,363,331,367,359,180,142,169,69,80,56,88,70,99,70,67,43,22,21,22,24,13,0
1306 CIN 13-F,3472,371,332,338,274,260,261,221,248,311,85,81,157,28,45,25,39,83,104,36,59,44,10,22,10,11,16,1
1307 CIN 13-G,1873,196,194,183,126,130,111,107,105,156,45,67,108,18,25,16,18,64,41,17,49,49,7,16,7,10,8,0
1308 CIN 13-H,99,7,4,9,6,6,5,7,6,6,11,8,2,3,3,4,2,2,2,2,1,0,0,1,0,1,1,0
1401 CIN 14-A,4401,423,373,389,397,384,366,356,372,354,158,107,97,65,69,54,65,51,66,40,36,25,34,31,34,22,33,0
1402 CIN 14-B,3455,370,368,325,291,279,252,242,246,257,98,88,155,32,30,27,17,84,46,17,67,62,14,24,14,23,25,2
1403 CIN 14-C,1845,158,146,138,146,149,137,136,141,119,121,77,43,47,63,40,57,13,27,37,6,4,12,7,12,4,5,0
1404 CIN 14-D,5181,506,491,473,458,460,429,422,407,379,214,135,137,60,68,52,63,105,53,62,61,35,27,22,27,15,20,0
1405 CIN 14-E,4137,393,363,360,368,356,320,321,324,316,157,114,118,58,68,59,51,62,64,45,46,33,25,33,25,22,36,0
1406 CIN 14-F,4076,416,381,363,355,337,310,300,308,307,147,125,129,45,56,50,58,68,58,31,61,39,26,28,26,17,34,1
1407 CIN 14-G,3978,373,321,346,358,335,317,326,335,302,173,113,75,73,69,80,64,30,52,43,42,26,34,21,34,13,23,0
1408 CIN 14-H,3888,345,335,349,340,328,313,301,310,285,165,107,115,63,60,70,69,50,57,57,38,21,22,25,22,20,20,1
1409 CIN 14-I,3845,367,340,367,351,343,286,311,319,300,124,88,108,46,51,50,51,43,54,34,56,36,25,18,25,17,34,1
1501 CIN 15-A,4587,459,400,460,463,477,388,423,416,416,89,42,78,14,43,22,30,33,53,41,46,14,53,35,53,17,20,2
1502 CIN 15-B,4343,408,362,381,375,393,320,339,321,324,172,116,118,47,101,44,71,54,77,75,64,35,39,37,39,11,19,1
1503 CIN 15-C,1469,153,150,130,120,113,92,100,97,117,47,39,74,13,17,11,12,30,22,6,34,47,8,15,8,9,5,0
1504 CIN 15-D,2045,222,207,178,166,141,123,118,128,137,62,69,120,19,19,21,17,57,42,18,85,35,9,18,9,14,10,1
1505 CIN 15-E,4206,394,334,368,398,401,349,346,344,317,175,74,83,44,75,46,87,41,47,105,37,14,31,33,31,18,14,0
1506 CIN 15-F,3233,306,293,291,300,305,257,264,264,264,91,61,106,29,38,21,35,39,63,32,38,29,30,19,30,11,17,0
1507 CIN 15-G,2051,194,165,183,167,188,156,159,152,150,81,53,61,22,34,20,45,32,34,54,19,15,19,12,19,8,9,0
1508 CIN 15-H,5347,479,412,435,462,535,386,415,416,347,281,138,99,77,105,80,153,39,60,192,54,14,49,24,49,23,20,3
1509 CIN 15-I,2673,253,221,224,234,256,212,204,218,178,113,66,54,36,49,32,70,25,40,64,26,11,27,16,27,9,7,1
1510 CIN 15-J,1285,131,124,126,103,98,83,76,70,87,44,35,77,7,23,13,10,43,30,7,31,23,7,12,7,11,6,1
1601 CIN 16-A,1630,134,128,152,130,133,125,115,119,106,91,43,55,37,30,23,21,34,27,21,24,19,13,20,13,8,9,0
1701 CIN 17-A,2503,232,252,238,171,196,162,138,147,158,89,89,132,26,29,26,19,117,27,14,44,106,10,27,10,29,15,0
1702 CIN 17-B,3058,287,264,279,277,290,262,263,257,245,118,65,64,36,51,41,48,30,21,26,17,30,25,24,25,6,6,1
1703 CIN 17-C,2025,185,172,172,157,158,136,126,134,136,82,74,82,45,37,32,49,51,36,29,35,33,17,13,17,8,9,0
1801 CIN 18-A,1745,175,165,156,137,139,122,114,110,138,52,43,93,19,18,15,21,62,25,15,22,43,12,15,12,11,11,0
1802 CIN 18-B,667,54,56,65,48,44,34,29,34,37,28,21,42,14,6,8,6,36,14,3,18,36,4,11,4,6,8,1
1901 CIN 19-A,1969,101,95,96,97,110,110,107,87,89,191,180,41,125,68,110,94,18,39,45,17,10,39,23,39,20,18,0
1902 CIN 19-B,3282,162,168,150,142,181,188,177,156,122,339,324,58,207,143,173,164,50,54,74,35,16,51,21,51,33,42,1
1903 CIN 19-C,1766,94,87,83,88,98,103,93,71,72,178,165,33,97,74,79,71,27,36,32,16,11,49,16,49,23,21,0
1904 CIN 19-D,213,19,17,21,19,16,16,14,10,14,7,7,10,1,4,2,0,6,4,2,2,12,1,5,1,2,1,0
2001 CIN 20-A,1413,91,83,100,99,90,82,89,79,69,95,66,40,63,48,50,44,35,27,20,25,27,21,21,21,12,15,1
2002 CIN 20-B,1396,102,100,97,102,93,89,91,83,72,81,72,56,32,50,34,32,35,19,20,24,23,20,17,20,13,19,0
2003 CIN 20-C,3115,239,209,224,225,215,214,219,207,192,184,146,74,94,131,90,101,40,40,43,42,21,41,31,41,24,25,3
2004 CIN 20-D,2790,238,194,219,215,197,195,208,186,179,133,112,93,73,96,58,56,51,49,38,27,41,27,26,27,31,21,0
2005 CIN 20-E,1017,77,67,76,77,68,62,68,69,67,50,49,38,28,28,16,28,15,17,11,16,24,11,20,11,15,9,0
2101 CIN 21-A,800,73,70,63,46,50,48,48,45,43,39,30,39,20,26,13,20,25,16,13,17,19,6,8,6,8,9,0
2102 CIN 21-B,678,60,53,59,48,47,34,41,38,40,34,23,39,16,9,12,8,15,13,4,13,30,7,12,7,6,10,0
2103 CIN 21-C,1245,90,90,86,82,77,70,74,57,66,66,68,62,33,49,31,39,31,29,26,17,30,17,12,17,13,11,2
2104 CIN 21-D,927,64,64,61,59,62,55,58,54,52,62,47,35,32,26,28,19,18,14,14,14,18,16,18,16,12,9,0
2105 CIN 21-E,842,76,80,83,64,74,54,57,53,53,28,26,38,8,10,5,4,26,11,7,19,23,6,16,6,7,8,0
2201 CIN 22-A,4255,398,369,396,396,378,338,347,337,359,109,84,134,33,52,42,47,58,72,31,54,30,45,51,45,25,23,2
2202 CIN 22-B,1685,152,141,147,132,131,100,95,105,112,68,44,85,27,25,18,28,43,35,18,35,45,19,30,19,15,16,0
2203 CIN 22-C,1147,106,109,113,81,83,76,66,66,80,34,36,75,14,19,5,10,39,20,8,16,46,8,16,8,6,7,0
2301 CIN 23-A,4383,414,368,409,400,368,337,348,342,338,149,87,147,50,76,54,57,69,69,47,57,38,31,24,31,39,33,1
2302 CIN 23-B,1409,125,113,116,106,105,94,100,91,92,49,41,67,18,40,11,34,36,41,37,17,18,13,10,13,11,11,0
2303 CIN 23-C,4088,413,382,404,402,410,359,361,355,368,97,50,81,23,44,29,39,25,52,37,46,17,19,20,19,16,19,1
2304 CIN 23-D,4977,486,447,500,512,485,438,440,437,432,129,52,101,26,61,32,51,30,56,54,52,19,38,30,38,17,12,2
2305 CIN 23-E,2288,220,216,207,156,167,156,140,142,150,71,80,135,27,47,23,33,71,47,18,51,46,13,19,13,32,8,0
2306 CIN 23-F,3837,351,330,326,318,312,287,276,278,286,128,96,146,65,61,64,55,79,62,87,68,39,25,22,25,25,25,1
2307 CIN 23-G,1577,159,155,144,120,130,111,96,106,111,59,52,83,16,25,16,19,35,24,12,34,35,7,7,7,8,6,0
2308 CIN 23-H,4236,361,353,344,338,329,341,289,318,290,208,173,120,70,106,85,99,51,49,81,50,34,34,24,34,25,29,1
2309 CIN 23-I,3605,328,310,294,277,277,264,235,226,211,190,138,106,78,65,79,75,80,54,68,69,37,30,27,30,24,33,0
2310 CIN 23-J,2915,235,220,218,195,183,171,176,172,170,158,118,145,69,78,60,87,82,71,54,46,49,30,37,30,21,40,0
2311 CIN 23-K,3058,315,284,289,259,241,220,207,208,207,115,86,126,33,51,29,42,70,54,39,54,39,19,30,19,8,10,4
2312 CIN 23-L,1231,110,102,100,93,80,80,79,81,64,55,35,72,19,33,20,30,37,40,24,23,23,6,7,6,7,5,0
2313 CIN 23-M,2549,233,206,229,214,182,181,161,175,169,107,88,120,39,51,32,34,68,56,28,36,29,23,34,23,16,15,0
2314 CIN 23-N,4174,382,365,370,355,343,316,304,308,293,167,151,152,73,61,61,54,81,36,40,67,51,25,36,25,22,35,1
2315 CIN 23-O,3846,367,365,336,298,304,271,252,266,254,145,120,178,69,56,59,59,91,47,57,85,49,20,33,20,22,20,3
2316 CIN 23-P,3251,307,293,290,249,231,222,207,212,188,142,126,162,65,58,43,39,86,46,25,71,46,19,42,19,24,35,4
2317 CIN 23-Q,2130,179,163,161,159,171,148,161,150,111,134,87,53,50,66,41,52,41,28,32,33,27,19,18,19,13,14,0
2318 CIN 23-R,1764,173,161,166,149,151,142,139,133,132,74,62,65,31,17,27,21,33,9,15,22,20,1,8,1,5,7,0
2401 CIN 24-A,3868,403,396,376,314,296,263,254,261,282,123,126,212,36,41,27,29,103,40,22,89,86,11,31,11,17,19,0
2402 CIN 24-B,3598,327,311,312,307,279,269,257,252,261,128,103,130,60,49,62,38,64,59,31,58,68,36,37,36,25,35,4
2403 CIN 24-C,1577,137,131,123,112,113,112,110,103,103,72,63,56,30,40,29,29,27,27,21,23,33,13,22,13,18,16,1
2404 CIN 24-D,2731,230,208,202,194,192,185,178,170,156,161,138,101,81,64,71,54,73,32,29,42,39,24,31,24,34,18,0
2405 CIN 24-E,443,40,42,46,42,37,39,41,33,36,11,10,12,5,6,4,1,6,4,5,2,7,2,4,2,2,4,0
2406 CIN 24-F,2002,190,187,181,164,160,142,135,110,128,84,77,95,31,29,22,20,51,36,17,39,27,14,23,14,15,11,0
2407 CIN 24-G,2828,217,201,193,197,200,199,187,175,173,182,134,68,102,63,99,77,64,35,37,33,27,36,21,36,34,38,0
2408 CIN 24-H,160,16,14,16,14,17,14,13,10,12,3,2,8,2,0,1,3,1,4,0,5,2,0,1,0,1,1,0
2409 CIN 24-I,317,31,31,34,29,32,29,30,30,30,4,5,8,1,1,3,0,5,3,1,1,3,1,2,1,2,0,0
2501 CIN 25-A,1621,153,158,138,131,123,106,115,114,114,45,43,81,20,37,16,24,37,37,20,29,31,8,16,8,10,7,0
2502 CIN 25-B,906,64,61,53,49,54,46,55,48,44,50,54,40,30,36,32,31,24,21,19,7,23,11,21,11,14,8,0
2503 CIN 25-C,3400,222,217,220,211,242,223,249,201,198,236,215,69,138,158,128,127,40,39,62,28,24,37,30,37,22,27,0
2504 CIN 25-D,1955,110,113,121,113,120,102,111,93,75,138,130,72,88,108,65,72,46,41,36,36,30,35,20,35,23,20,2
2505 CIN 25-E,2841,185,166,164,176,189,186,176,171,163,211,178,67,122,119,125,96,38,49,48,27,31,38,17,38,35,24,2
2506 CIN 25-F,2506,169,160,158,156,161,154,160,131,137,151,164,85,95,130,76,112,39,63,61,26,29,17,19,17,19,16,1
2507 CIN 25-G,993,68,64,64,61,68,61,73,63,66,68,55,26,33,48,27,29,11,16,16,13,15,12,11,12,11,2,0
2508 CIN 25-H,2790,191,182,189,176,198,176,163,143,147,191,150,87,103,97,97,93,56,41,51,31,48,42,29,42,29,36,2
2509 CIN 25-I,2220,129,118,123,111,132,119,148,102,101,181,155,70,93,154,92,102,42,46,42,19,26,21,23,21,29,21,0
2510 CIN 25-J,1854,157,165,148,114,133,123,111,118,103,73,76,92,44,57,34,32,55,54,27,29,40,14,21,14,11,9,0
2511 CIN 25-K,2123,150,147,151,136,145,156,138,116,106,125,126,80,65,93,45,56,33,46,42,26,32,19,23,19,28,20,0
2512 CIN 25-L,682,57,57,62,49,50,52,48,49,49,20,21,31,10,13,5,14,18,19,13,9,15,2,6,2,4,7,0
2601 CIN 26-A,3807,273,239,257,261,266,245,262,255,215,263,203,95,161,138,147,110,55,54,67,43,30,35,34,35,23,41,0
2602 CIN 26-B,2292,199,179,185,174,179,154,176,154,142,108,83,83,57,63,45,49,48,42,32,31,23,19,24,19,16,8,0
2603 CIN 26-C,1560,118,112,111,112,120,101,108,111,97,88,74,36,54,45,40,35,26,21,26,19,12,28,12,28,14,12,0
2604 CIN 26-D,1197,107,108,107,94,92,80,86,91,82,34,32,47,15,17,12,16,30,10,10,18,33,13,21,13,14,15,0
2605 CIN 26-E,1532,146,146,142,91,100,84,87,91,92,59,56,102,28,40,16,20,56,30,14,42,46,4,14,4,9,12,1
2606 CIN 26-F,1211,112,104,112,90,93,77,81,76,71,50,47,62,8,24,11,19,40,23,11,22,29,10,17,10,8,4,0
2607 CIN 26-G,1795,125,117,115,123,128,122,117,101,99,121,98,49,68,63,61,56,33,29,28,18,18,20,27,20,20,19,0
2608 CIN 26-H,419,37,37,41,25,33,22,22,22,24,22,16,26,9,6,3,5,13,5,7,4,16,2,6,2,6,8,0
2609 CIN 26-I,2485,170,156,157,161,165,137,161,141,138,165,142,75,89,84,87,78,42,40,50,43,20,44,36,44,26,34,0
2610 CIN 26-J,2350,229,216,210,168,171,137,141,123,137,89,72,153,17,57,30,36,69,51,30,53,56,18,24,18,18,27,0
2611 CIN 26-K,3000,220,210,206,206,224,206,207,196,187,175,154,100,91,75,86,75,53,29,44,30,38,41,37,41,39,30,0
2612 CIN 26-L,1405,118,113,98,109,112,97,106,93,89,73,49,48,33,38,34,35,19,13,15,20,18,20,13,20,8,13,1
2613 CIN 26-M,958,86,78,81,69,62,53,62,56,52,30,36,59,18,24,20,22,30,21,17,14,22,8,12,8,6,12,0
2614 CIN 26-N,2045,167,158,158,132,144,132,127,121,120,120,100,94,48,58,47,41,44,30,27,40,29,20,23,20,18,27,0
2615 CIN 26-O,3564,296,274,284,287,297,262,293,295,245,167,114,81,87,83,78,78,45,43,32,27,20,47,24,47,29,29,0
2616 CIN 26-P,2582,238,216,211,186,191,170,184,158,162,116,97,136,46,71,43,66,47,55,38,40,44,10,26,10,9,12,0
2617 CIN 26-Q,1168,103,97,99,76,73,69,62,69,70,48,40,67,19,31,15,22,36,29,12,24,42,16,16,16,10,7,0
2618 CIN 26-R,1144,114,108,104,89,88,84,72,81,75,49,34,56,20,10,9,11,22,12,6,23,29,8,10,8,13,9,0
2619 CIN 26-S,1793,137,136,125,107,121,114,108,107,98,116,95,62,64,51,51,52,37,27,23,23,30,18,24,18,25,24,0
