"","PrecinctNum","sum_polls_un","sum_polls_d","sum_polls_r","sum_absnt_d","sum_absnt_r","sum_absnt_un"
"1",101,851,23,53,2,3,65
"2",102,3558,223,137,20,9,554
"3",103,2242,145,68,10,8,421
"4",104,1502,69,46,13,4,272
"5",105,2179,99,78,17,5,369
"6",106,3060,152,141,18,17,482
"7",107,2293,102,88,17,9,316
"8",108,1493,80,59,11,3,284
"9",109,2942,133,134,15,9,375
"10",110,2630,115,99,4,2,355
"11",111,2081,98,72,20,9,357
"12",112,1776,80,84,23,5,346
"13",113,2203,91,102,8,7,390
"14",201,1661,80,24,53,22,694
"15",202,2277,136,49,51,56,806
"16",203,1377,59,13,19,3,276
"17",204,2767,146,69,30,5,505
"18",205,2155,58,61,36,23,655
"19",206,2637,171,33,16,4,360
"20",207,1904,68,114,51,73,999
"21",208,1379,64,11,1,0,199
"22",209,2244,119,65,10,7,323
"23",210,2380,88,59,5,0,271
"24",211,2422,121,75,27,10,605
"25",301,1821,176,5,22,1,284
"26",302,1744,130,42,23,13,321
"27",303,1641,145,68,62,35,736
"28",304,1867,155,8,4,0,209
"29",305,1859,128,15,18,0,241
"30",401,2457,200,93,18,10,376
"31",402,2093,116,76,8,5,376
"32",403,1597,118,66,4,4,269
"33",404,2560,132,57,11,2,349
"34",405,2427,115,78,14,10,324
"35",406,2074,123,79,30,21,548
"36",407,2812,137,143,7,15,511
"37",408,2583,99,63,17,9,412
"38",501,2472,117,118,23,32,646
"39",502,2793,196,97,6,11,411
"40",503,1765,154,57,12,16,385
"41",504,3063,188,134,14,17,766
"42",505,3197,178,128,31,6,580
"43",506,1902,95,53,13,19,423
"44",507,2756,114,108,23,18,628
"45",508,1438,109,19,6,0,164
"46",509,2796,117,162,11,23,556
"47",601,2355,124,42,13,5,311
"48",602,1639,75,33,3,6,267
"49",603,2211,146,16,11,3,198
"50",604,2129,130,21,14,2,277
"51",605,1913,105,47,21,6,359
"52",701,1809,158,14,40,0,466
"53",702,642,45,8,20,2,254
"54",703,1671,143,4,25,0,387
"55",704,1346,85,5,17,2,267
"56",705,841,58,2,23,0,242
"57",706,1039,83,3,19,1,256
"58",707,1668,129,7,37,2,420
"59",708,1379,113,15,14,0,206
"60",709,1606,157,18,42,3,478
"61",710,504,39,2,17,5,178
"62",711,1488,137,8,17,4,301
"63",801,1539,132,16,20,0,303
"64",802,2272,160,57,10,2,301
"65",803,2900,180,137,27,16,684
"66",804,1703,127,9,14,1,258
"67",901,722,53,1,5,0,103
"68",902,2474,186,68,30,10,417
"69",903,1743,107,17,28,3,362
"70",904,1100,92,6,22,0,252
"71",1001,2494,139,89,6,0,243
"72",1002,1301,74,14,7,0,132
"73",1003,1721,124,14,7,0,241
"74",1101,1647,91,28,12,2,256
"75",1102,963,57,13,3,0,112
"76",1103,553,13,9,2,0,76
"77",1104,1134,59,14,8,1,167
"78",1201,660,26,9,6,2,79
"79",1202,273,6,0,0,0,18
"80",1203,797,36,2,12,4,144
"81",1204,1111,41,16,29,22,445
"82",1205,752,35,11,1,1,72
"83",1301,838,73,3,12,0,207
"84",1302,1438,111,27,18,5,291
"85",1303,847,53,8,8,0,140
"86",1304,1244,106,8,10,0,211
"87",1305,2183,195,22,24,5,656
"88",1306,1744,161,13,29,2,353
"89",1307,1124,73,4,18,1,242
"90",1308,202,2,6,0,0,32
"91",1401,2341,146,47,19,7,418
"92",1402,2058,166,14,24,1,308
"93",1403,1253,65,32,3,1,181
"94",1404,2707,255,42,41,6,664
"95",1405,2135,144,28,19,2,371
"96",1406,2277,191,34,14,2,372
"97",1407,2658,141,49,14,2,292
"98",1408,2238,114,40,7,4,349
"99",1409,2074,112,21,14,2,403
"100",1501,2996,156,22,12,7,326
"101",1502,2669,227,37,24,9,442
"102",1503,957,59,4,8,0,107
"103",1504,1184,110,13,28,2,288
"104",1505,2519,181,31,13,2,401
"105",1506,1532,76,14,46,4,503
"106",1507,1310,92,17,11,4,253
"107",1508,3143,214,61,27,2,532
"108",1509,1606,101,33,12,4,341
"109",1510,794,57,6,7,2,115
"110",1601,1122,70,15,3,3,180
"111",1701,1680,123,8,15,1,199
"112",1702,1853,130,19,8,2,306
"113",1703,1428,124,12,8,0,172
"114",1801,1181,100,4,10,0,140
"115",1802,609,65,3,7,0,86
"116",1901,2007,42,88,4,11,253
"117",1902,3398,87,229,3,18,336
"118",1903,1712,27,91,9,17,344
"119",1904,256,5,0,0,0,15
"120",2001,1180,44,33,14,2,181
"121",2002,1168,60,45,8,5,159
"122",2003,2303,150,73,16,12,365
"123",2004,1897,108,56,12,8,379
"124",2005,840,29,23,3,2,82
"125",2101,562,22,12,8,6,150
"126",2102,537,17,14,4,1,111
"127",2103,898,37,18,10,6,153
"128",2104,769,26,29,4,2,142
"129",2105,630,28,4,6,0,83
"130",2201,3090,198,22,10,1,348
"131",2202,1286,63,19,11,2,139
"132",2203,864,52,9,5,0,134
"133",2301,2719,190,30,21,5,457
"134",2302,994,55,10,5,5,202
"135",2303,2438,184,19,8,3,291
"136",2304,3110,192,29,12,1,281
"137",2305,1469,105,7,26,1,303
"138",2306,2489,156,34,14,9,326
"139",2307,910,71,7,6,3,178
"140",2308,2563,144,66,24,14,551
"141",2309,2184,128,66,32,15,474
"142",2310,2190,115,80,11,11,351
"143",2311,2178,190,19,16,4,378
"144",2312,924,57,21,12,0,129
"145",2313,1611,97,21,37,17,520
"146",2314,2502,189,46,34,18,481
"147",2315,2294,181,51,39,8,482
"148",2316,2154,112,32,21,11,460
"149",2317,1053,72,49,53,48,820
"150",2318,1103,75,20,10,4,186
"151",2401,2180,164,12,45,0,535
"152",2402,2466,136,38,12,1,266
"153",2403,1114,48,33,38,31,597
"154",2404,2057,87,57,17,2,282
"155",2405,451,8,1,2,0,53
"156",2406,1076,83,15,48,1,476
"157",2407,2331,58,92,6,5,331
"158",2408,168,3,0,0,0,19
"159",2409,266,6,0,0,0,22
"160",2501,1080,71,9,18,0,181
"161",2502,856,22,14,10,11,210
"162",2503,2686,120,107,9,13,323
"163",2504,1609,64,64,13,8,344
"164",2505,2421,79,109,2,3,282
"165",2506,1824,67,70,12,8,260
"166",2507,897,42,30,5,5,111
"167",2508,2327,92,70,7,7,250
"168",2509,2100,88,82,5,6,235
"169",2510,1329,58,26,28,21,416
"170",2511,1786,80,52,7,3,210
"171",2512,531,23,4,7,1,115
"172",2601,3052,196,133,8,10,365
"173",2602,1569,91,32,9,0,273
"174",2603,1157,62,30,3,9,179
"175",2604,892,50,6,10,0,171
"176",2605,1027,65,7,18,1,261
"177",2606,855,32,9,7,4,149
"178",2607,1415,59,51,7,6,279
"179",2608,410,16,4,2,2,45
"180",2609,2037,99,60,6,11,248
"181",2610,1501,101,8,9,5,265
"182",2611,2492,105,94,9,4,288
"183",2612,1142,64,25,9,11,242
"184",2613,686,33,11,6,1,95
"185",2614,1521,80,32,8,2,233
"186",2615,2675,184,74,10,4,271
"187",2616,1558,81,15,16,13,398
"188",2617,848,33,12,4,0,151
"189",2618,645,44,13,21,0,183
"190",2619,1382,40,52,11,8,265
